{
  "surface_builder": "nitdim:seafloor",
  "depth": 0.6,
  "scale": 1.0,
  "temperature": 1,
  "downfall": 0,
  "precipitation": "none",
  "category": "extreme_hills",
  "player_spawn_friendly": true,
  "creature_spawn_probability": 0.2,
  "effects": {
    "sky_color": 0,
    "fog_color": 69672,
    "water_color": 2913,
    "water_fog_color": 263210,
    "grass_color": 3779655,
    "foliage_color": 3454794,
    "grass_color_modifier": "none"
  },
  "starts": [
    "nitdim:buried_ocean/spider_starts"
  ],
  "spawners": {
    "creature": [],
	"monster": [
	  {
        "type": "minecraft:spider",
        "weight": 15,
        "minCount": 3,
        "maxCount": 4
      },
	  {
        "type": "minecraft:cave_spider",
        "weight": 4,
        "minCount": 1,
        "maxCount": 2
      },
	  {
	    "type": "minecraft:drowned",
        "weight": 6,
        "minCount": 1,
        "maxCount": 2
	  },
	  {
	    "type": "minecraft:skeleton",
        "weight": 1,
        "minCount": 0,
        "maxCount": 1
	  },
	  {
	    "type": "minecraft:creeper",
        "weight": 1,
        "minCount": 0,
        "maxCount": 1
	  },
	  {
	    "type": "minecraft:slime",
        "weight": 5,
        "minCount": 2,
        "maxCount": 5
	  }
	],
	"ambient": [
	  {
	    "type": "minecraft:bat",
        "weight": 8,
        "minCount": 2,
        "maxCount": 3
	  }
	],
	"underground_water_creature": [
	  {
        "type": "minecraft:glow_squid",
        "weight": 3,
        "minCount": 1,
        "maxCount": 1
      }
	],
	"water_creature": [
      {
        "type": "minecraft:squid",
        "weight": 5,
        "minCount": 1,
        "maxCount": 1
      },
      {
        "type": "minecraft:cod",
        "weight": 7,
        "minCount": 2,
        "maxCount": 5
      }
    ]
  },
  "spawn_costs": {},
  "carvers": {
	"air": [
	  "minecraft:canyon",
	  "nitdim:heavy_cave"
	]
  },
  "features": [
    [
	  "nitdim:buried_ocean/carving_mask_air"
	],
	[
	  "minecraft:lake_lava"
	],
	[],
	[
	  "minecraft:glowstone",
	  "minecraft:glowstone_extra",
	  "nitdim:buried_ocean/ore_stone",
	  "nitdim:buried_ocean/ore_andesite",
	  "nitdim:buried_ocean/ore_deepslate"
	],
	[
	  "nitdim:buried_ocean/ore_gold_blackstone",
	  "nitdim:buried_ocean/amethyst_geode_upper",
	  "nitdim:buried_ocean/amethyst_geode_lower",
	  "nitdim:buried_ocean/ore_coal",
	  "nitdim:buried_ocean/ore_copper",
	  "nitdim:buried_ocean/ore_diamond",
	  "nitdim:buried_ocean/ore_iron_buried"
	],
	[
	  "nitdim:spring_water_ceiling",
	  "nitdim:spring_water_closed"
	],
	[
	  "nitdim:buried_ocean/disk_sea_lantern",
	  "nitdim:buried_ocean/disk_clay",
	  "nitdim:buried_ocean/disk_sand",
	  "nitdim:buried_ocean/disk_gravel"
	],
	[],
	[
	  "nitdim:buried_ocean/replacer_lantern",
	  "nitdim:buried_ocean/patch_cobweb",
	  "nitdim:buried_ocean/glow_lichen"
	],
    []
  ]
}