{
  "surface_builder": "nitdim:mystic_woods",
  "depth": -0.2,
  "scale": 0.2,
  "temperature": 1,
  "downfall": 0,
  "precipitation": "none",
  "category": "beach",
  "player_spawn_friendly": true,
  "creature_spawn_probability": 0.2,
  "effects": {
    "sky_color": 0,
    "fog_color": 1573160,
    "water_color": 4194447,
    "water_fog_color": 2031693,
    "grass_color": 5181041,
    "foliage_color": 4195916,
    "grass_color_modifier": "none"
  },
  "starts": [
    "nitdim:buried_ocean/ocean_starts"
  ],
  "spawners": {
    "monster": [
	  {
        "type": "minecraft:endermite",
        "weight": 12,
        "minCount": 1,
        "maxCount": 4
      },
	  {
        "type": "minecraft:enderman",
        "weight": 6,
        "minCount": 1,
        "maxCount": 4
      },
	  {
	    "type": "minecraft:drowned",
        "weight": 1,
        "minCount": 1,
        "maxCount": 2
	  },
	  {
	    "type": "minecraft:slime",
        "weight": 3,
        "minCount": 3,
        "maxCount": 5
	  }
	],
	"underground_water_creature": [
	  {
        "type": "minecraft:glow_squid",
        "weight": 5,
        "minCount": 1,
        "maxCount": 4
      }
	],
	"water_creature": [
      {
        "type": "minecraft:squid",
        "weight": 5,
        "minCount": 1,
        "maxCount": 1
      },
      {
        "type": "minecraft:salmon",
        "weight": 7,
        "minCount": 2,
        "maxCount": 5
      },
      {
        "type": "minecraft:tropical_fish",
        "weight": 12,
        "minCount": 2,
        "maxCount": 5
      }
    ]
  },
  "spawn_costs": {},
  "carvers": {},
  "features": [
    [],
	[],
	[
	  "minecraft:glowstone",
	  "minecraft:glowstone_extra",
	  "nitdim:buried_ocean/ore_stone",
	  "nitdim:buried_ocean/ore_andesite",
	  "nitdim:buried_ocean/ore_deepslate",
	  "nitdim:buried_ocean/ore_air"
	],
	[
	  "nitdim:buried_ocean/ore_coal",
	  "nitdim:buried_ocean/ore_copper",
	  "nitdim:buried_ocean/ore_diamond",
	  "nitdim:buried_ocean/ore_gold",
	  "nitdim:buried_ocean/ore_lapis"
	],
	[],
	[
	  "nitdim:spring_water_ceiling"
	],
	[
	  "nitdim:buried_ocean/disk_sea_lantern",
	  "nitdim:buried_ocean/disk_clay",
	  "nitdim:buried_ocean/disk_gravel"
	  ],
	[
      "nitdim:buried_ocean/replacer_lantern",
	  "nitdim:buried_ocean/end_rod",
	  "nitdim:buried_ocean/patch_grass",
	  "nitdim:buried_ocean/glow_lichen"
	],
	[],
    []
  ]
}