{
  "surface_builder": "nitdim:sandbar",
  "depth": -0.6,
  "scale": 0.15,
  "temperature": 1,
  "downfall": 0,
  "precipitation": "none",
  "category": "ocean",
  "player_spawn_friendly": true,
  "creature_spawn_probability": 0.2,
  "effects": {
    "sky_color": 0,
    "fog_color": 69672,
    "water_color": 596107,
    "water_fog_color": 329011,
    "grass_color": 3779655,
    "foliage_color": 3454794,
    "grass_color_modifier": "none"
  },
  "starts": [],
  "spawners": {
    "creature": [],
	"underground_water_creature": [
	  {
        "type": "minecraft:glow_squid",
        "weight": 3,
        "minCount": 1,
        "maxCount": 1
      }
	],
    "water_creature": [
      {
        "type": "minecraft:squid",
        "weight": 4,
        "minCount": 1,
        "maxCount": 2
      },
      {
        "type": "minecraft:glow_squid",
        "weight": 3,
        "minCount": 1,
        "maxCount": 1
      },
      {
        "type": "minecraft:cod",
        "weight": 10,
        "minCount": 2,
        "maxCount": 5
      },
      {
        "type": "minecraft:dolphin",
        "weight": 8,
        "minCount": 1,
        "maxCount": 3
      }
    ],
	"monster": [
	  {
	    "type": "minecraft:drowned",
        "weight": 1,
        "minCount": 1,
        "maxCount": 2
	  },
	  {
	    "type": "minecraft:spider",
        "weight": 8,
        "minCount": 0,
        "maxCount": 1
	  },
	  {
	    "type": "minecraft:skeleton",
        "weight": 15,
        "minCount": 2,
        "maxCount": 3
	  },
	  {
	    "type": "minecraft:creeper",
        "weight": 4,
        "minCount": 1,
        "maxCount": 2
	  },
	  {
	    "type": "minecraft:slime",
        "weight": 5,
        "minCount": 3,
        "maxCount": 5
	  }
	]
  },
  "spawn_costs": {},
  "carvers": {},
  "features": [
    [],
	[
	  "nitdim:buried_ocean/iceberg_dark",
	  "nitdim:buried_ocean/iceberg_bright"
	],
	[
	  "minecraft:glowstone",
	  "minecraft:glowstone_extra",
	  "nitdim:buried_ocean/ore_stone",
	  "nitdim:buried_ocean/ore_andesite",
	  "nitdim:buried_ocean/ore_deepslate",
	  "nitdim:buried_ocean/ore_air"
	],
	[
	  "nitdim:buried_ocean/block_piles_ocean"
	],
	[
	  "nitdim:buried_ocean/ore_coal",
	  "nitdim:buried_ocean/ore_copper",
	  "nitdim:buried_ocean/ore_gold",
	  "nitdim:buried_ocean/ore_iron_buried",
	  "nitdim:buried_ocean/ore_lapis",
	  "nitdim:buried_ocean/ore_redstone"
	],
	[],
	[
	  "nitdim:buried_ocean/disk_clay",
	  "nitdim:buried_ocean/disk_gravel"
	],
	[
	  "nitdim:spring_water_ceiling"
	],
	[
	  "nitdim:buried_ocean/replacer_lantern",
	  "nitdim:buried_ocean/kelp",
	  "nitdim:buried_ocean/seagrass",
	  "nitdim:buried_ocean/glow_lichen"
	],
    []
  ]
}