{
  "parent": "nitk:recipes/root",
  "display": {
    "icon": {
      "item": "minecraft:crafting_table"
    },
    "title": "Castle Frame Crafting",
    "description": "Open a Site Planner with a Castle Frame recipe.",
    "frame": "task",
    "show_toast": false,
    "announce_to_chat": false,
    "hidden": true
  },
  "rewards": {
    "function": "nitk:siteplanner/castleplanner/init_castle_frame"
  },
  "criteria": {
    "open-dropper": {
      "trigger": "minecraft:item_used_on_block",
      "conditions": {
        "location": {
          "block": {
            "block": "dropper",
			"nbt":"{Items:[{Slot:0b,id:\"minecraft:oak_log\",Count:16b},{Slot:1b,id:\"minecraft:crafting_table\",Count:1b},{Slot:2b,id:\"minecraft:oak_log\",Count:16b},{Slot:3b,id:\"minecraft:oak_log\",Count:16b},{Slot:4b,id:\"minecraft:paper\",Count:1b,tag:{HideFlags:1,display:{Lore:['{\"text\":\"For preparing sites\"}','{\"text\":\"for a unified fortress.\"}'],Name:'{\"text\":\"Castle Permit\"}'},Enchantments:[{lvl:0,id:\"minecraft:protection\"}]}},{Slot:5b,id:\"minecraft:oak_log\",Count:16b},{Slot:6b,id:\"minecraft:gold_ingot\",Count:2b},{Slot:7b,id:\"minecraft:gold_ingot\",Count:2b},{Slot:8b,id:\"minecraft:gold_ingot\",Count:2b}]}"
          }
        }
      }
    }
  }
}