{
  "name": "nitdim:buried_ocean/chandelier/base",
  "fallback": "minecraft:empty",
  "elements": [
	{
      "weight": 1,
      "element": {
        "location": "nitdim:buried_ocean/chandelier/base_empty",
        "processors": "minecraft:empty",
        "projection": "rigid",
        "element_type": "minecraft:single_pool_element"
      }
    },
	{
      "weight": 11,
      "element": {
        "location": "nitdim:buried_ocean/chandelier/base_guarded",
        "processors": "minecraft:empty",
        "projection": "rigid",
        "element_type": "minecraft:single_pool_element"
      }
    },
	{
      "weight": 10,
      "element": {
        "location": "nitdim:buried_ocean/chandelier/base_loot",
        "processors": "minecraft:empty",
        "projection": "rigid",
        "element_type": "minecraft:single_pool_element"
      }
    },
	{
      "weight": 9,
      "element": {
        "location": "nitdim:buried_ocean/chandelier/base_boss",
        "processors": "minecraft:empty",
        "projection": "rigid",
        "element_type": "minecraft:single_pool_element"
      }
    }
  ]
}