{
  "display": {
    "icon": {
      "item": "minecraft:written_book"
    },
    "title": "An Ancient Trial",
    "description": "Learn the complete history of the trial of King Drizen.",
    "background": "minecraft:textures/block/oak_planks.png",
    "frame": "task",
    "show_toast": true,
    "announce_to_chat": true,
    "hidden": false
  },
  "parent": "nitdim:nitdim/buried_ocean/tower",
  "criteria": {
    "book1": {
      "trigger": "minecraft:inventory_changed",
      "conditions": {
        "items": [
          {
            "item": "minecraft:written_book",
            "nbt": "{generation: 3, pages: ['{\"text\":\"Elder Judge Syx: \\\\\"In the trial of King Drizen the Elder v. The Guardians of the Buried Ocean, I call this assembly at the Great Tower to order.\\\\\"\\\\n\\\\nSyx: \\\\\"Your majesty, you are charged with the crime of endangering your subjects, pollution,\"}', '{\"text\":\"and war crimes including military negligence. How do you plea?\\\\\"\\\\n\\\\nKing Drizen: \\\\\"Not guilty, your Elder.\\\\\"\\\\n\\\\nSyx: \\\\\"This court will now hear opening remarks from the prosecution, represented by Guardian Hane. The\"}', '{\"text\":\"water is yours.\\\\\"\"}'], title: \"Buried Histories Vol. I\", author: \"Unknown\"}"
          }
        ]
      }
    },
    "book2": {
      "trigger": "minecraft:inventory_changed",
      "conditions": {
        "items": [
          {
            "item": "minecraft:written_book",
            "nbt": "{generation: 3, pages: ['{\"text\":\"Guardian Hane: \\\\\"King Drizen has ruled over the Guardians of the Buried Ocean as a good natured if brazen Elder for many years. However, as this court well knows, this demeanor changed abruptly with his sudden declaration of war against the land-dwelling\"}', '{\"text\":\"Ender people of the Mystic Roughs, whose quiet civilization predates even our aquatic kingdom. He mounted unecessary defenses in the form of a great barrier between our home waters and the rest of the Buried Ocean, polluted countless land masses\"}', '{\"text\":\"and islets in an effort to extinguish Ender-life upon them--an act of genocide--which then resulted in the infection of our waters and the rise of the zombie menace. His actions, made single-handedly and without remorse, have put the Guardians of this kingdom in grave\"}', '{\"text\":\"danger, created a rift between our great civilization and our humble neighbors that will corrupt our relations for years to come, and altered the seascape in ways the effects of which will not be fully understood for generations, threatening our way of life.\"}', '{\"text\":\"He must be punished for this.\\\\\"\"}'], title: \"Buried Histories Vol. II\", author: \"Unknown\"}"
          }
        ]
      }
    },
    "book3": {
      "trigger": "minecraft:inventory_changed",
      "conditions": {
        "items": [
          {
            "item": "minecraft:written_book",
            "nbt": "{generation: 3, pages: ['{\"text\":\"Syx: \\\\\"The court will now hear the opening statements of King Drizen, representing himself. Your Majesty.\\\\\"\\\\n\\\\nDrizen: \\\\\"My efforts to resolve our plight with the Ender people peacefully and diplomatically were met with silence, blank stares, and overall\"}', '{\"text\":\"betrayal of the compassion our kingdom has shown them since our establishment. The land-dwellers of the Mystic Roughs are older than us, perhaps, but they are not indigenous to these waters--they are invaders from another world, and over time it became\"}', '{\"text\":\"clear to me that their intent was to transform all they could touch, to warp it to their whims and desires. I offered them peaceful egress from the Buried Ocean, but they refused. Claiming right of asylum, like refugees, as though they had not dwelled here without threat,\"}', '{\"text\":\"without respect for the seas of our home, for millenia. There was no choice but to choke them out. Although we are not a land-dwelling people, their affectation of the land would only become a danger to the ocean in time. Even without direct contact with our domain, the relationship between\"}', '{\"text\":\"the water and what rests overhead and above is well-known. What harms one would harm the other. But we are more attuned to this symbiosis than any other. I knew the risks and the effects of my actions and those actions I ordered upon those lands. With or without my rule,\"}', '{\"text\":\"there is no argument that the Ender people cannot remain here.\\\\\"\"}'], title: \"Buried Histories Vol. III\", author: \"Unknown\"}"
          }
        ]
      }
    },
    "book4": {
      "trigger": "minecraft:inventory_changed",
      "conditions": {
        "items": [
          {
            "item": "minecraft:written_book",
            "nbt": "{generation: 3, pages: ['{\"text\":\"Syx: \\\\\"Thank you, your majesty. We will proceed with the first witness, Guardian Gada. Please rise and swim before me. Guardian Hane will take the first examination. Baliff?\\\\\"\\\\n\\\\nBaliff: \\\\\"Guardian Gada, do you swear upon the great lanterns above to speak\"}', '{\"text\":\"honestly, without bias or ill intent, at peril of banishment?\\\\\"\\\\n\\\\nGuardian Gada: \\\\\"I swear it.\\\\\"\\\\n\\\\nBaliff: \\\\\"Guardian Hane may proceed.\\\\\"\"}'], title: \"Buried Histories Vol. IV\", author: \"Unknown\"}"
          }
        ]
      }
    },
    "book5": {
      "trigger": "minecraft:inventory_changed",
      "conditions": {
        "items": [
          {
            "item": "minecraft:written_book",
            "nbt": "{generation: 3, pages: ['{\"text\":\"Hane: \\\\\"Guardian Gada, please state your occupation for the record.\\\\\"\\\\n\\\\nGada: \\\\\"I serve as the royal marine anthologist.\\\\\"\\\\n\\\\nHane: \\\\\"And what is your role, chiefly, in this position?\\\\\"\"}', '{\"text\":\"Gada: \\\\\"I study the other civilizations of the Buried Ocean, be they advanced or animal.\\\\\"\\\\n\\\\nHane: \\\\\"And do you study the Ender people in this role?\\\\\"\\\\n\\\\nGada: \\\\\"I do.\\\\\"\\\\n\\\\nHane: \\\\\"What do you know\"}', '{\"text\":\"of their culture?\\\\\"\\\\n\\\\nGada: \\\\\"Their oral history suggests that they come from another world, which had become overrun by a cruel ruler, who trapped and enslaved the Ender people in darkness. In time, they evolved a manner of transporting,\"}', '{\"text\":\"first short distances, and then to worlds far away. In small groups, they escaped their tyrant\\'s wrath as refugees, settling on the islands and roughs of the Buried Ocean, but living overall humble and communal lives.\\\\\"\\\\n\\\\nHane: \\\\\"For the record, please recount\"}', '{\"text\":\"their history with the Guardian civilization.\\\\\"\\\\n\\\\nGada: \\\\\"Although there is no record in our histories, the oral history of the Ender people suggests that they assisted in some part with the construction of our towers, graciously building those\"}', '{\"text\":\"parts which rise above the water.\\\\\"\\\\n\\\\nHane: \\\\\"Did they ask for anything in return for this service?\\\\\"\\\\n\\\\nGada: \\\\\"Yes. To be left alone.\\\\\"\\\\n\\\\nHane: \\\\\"And what do you know of Ender peoples\\' biology?\\\\\"\"}', '{\"text\":\"Gada: \\\\\"There appears to be very little left of their original form--there is evidence of great warping and accelerated evolution, that has since become stunted for the last several thousand years.\\\\\"\\\\n\\\\nHane: \\\\\"Could this unusual biology make\"}', '{\"text\":\"them a threat to us?\\\\\"\\\\n\\\\nGada: \\\\\"Not directly, no.\\\\\"\\\\n\\\\nHane: \\\\\"Why is that?\\\\\"\\\\n\\\\nGada: \\\\\"They have a violent, physical aversion to water.\\\\\"\\\\n\\\\nHane: \\\\\"Let the record show that King Drizen has visibly\"}', '{\"text\":\"shifted in the water, and that the spectating Guardians let out a bubble of astonishment.\\\\\"\\\\n\\\\nSyx: \\\\\"So noted.\\\\\"\\\\n\\\\nHane: \\\\\"No further questions, your Elder.\\\\\"\\\\n\\\\nSyx: \\\\\"Your witness, your majesty.\\\\\"\"}'], title: \"Buried Histories Vol. V\", author: \"Unknown\"}"
          }
        ]
      }
    },
    "book6": {
      "trigger": "minecraft:inventory_changed",
      "conditions": {
        "items": [
          {
            "item": "minecraft:written_book",
            "nbt": "{generation: 3, pages: ['{\"text\":\"Drizen: \\\\\"Guardian Gada, how extensive would you say our kingdom\\'s historical record is?\\\\\"\\\\n\\\\nGada: \\\\\"I would describe it as fairly encompassing and highly accurate.\\\\\"\\\\n\\\\nDrizen: \\\\\"And yet you say that we as Guardians have\"}', '{\"text\":\"no written record of the Ender peoples\\' aid in the construction of our towers?\\\\\"\\\\n\\\\nGada: \\\\\"Correct. We know this to be true from their oral history--\\\\\"\\\\n\\\\nDrizen: \\\\\"But is it not possible that they could be lying, or misrepresenting\"}', '{\"text\":\"those ancient events? They were a long time ago, and oral history is not as sound as written record.\\\\\"\\\\n\\\\nGada: \\\\\"Both truth and lies are possible, however our history is incomplete. There is no significant record of the actual construction of the towers,\"}', '{\"text\":\"merely when it occured. We simply don\\'t recall how such a feat was achieved.\\\\\"\\\\n\\\\nDrizen: \\\\\"But our ancestors could have done so themselves, without alien intervention?\\\\\"\\\\n\\\\nGada: \\\\\"I am not an architect.\\\\\"\"}', '{\"text\":\"Drizen: \\\\\"In your opinion as an anthropologist?\\\\\"\\\\n\\\\nGada: \\\\\"...Anthropology often underestimates the skills and knowledge of ancient peoples and civilizations.\\\\\"\\\\n\\\\nDrizen: \\\\\"Indeed. Moving on, you suggest that the Ender people may\"}', '{\"text\":\"not be able to directly harm us, as a result of ther biological aversion to water. However, they are intelligent enough to flee from a tyrant, gain the power to teleport, and communicate with an entirely distinct species of another world. Is this correct?\\\\\"\"}', '{\"text\":\"Gada: \\\\\"Yes.\\\\\"\\\\n\\\\nDrizen: \\\\\"So it is possible that the Ender people could be intelligent enough to, like us, understand the delicate balance between land and sea in the Buried Ocean, and that they could understand that their exploitation of one\"}', '{\"text\":\"might damage the other?\\\\\"\\\\n\\\\nGada: \\\\\"It is possible, but their culture suggests--\\\\\"\\\\n\\\\nGada: \\\\\"Putting aside whether they currently do or do not know the effects of their actions on the land might affect the sea,\"}', '{\"text\":\"is it possible that, whether by intent or ignorance, their warping of the Mystic Roughs could harm the aquatic ecosystem? We have all seen the purple water, after all.\\\\\"\\\\n\\\\nGada: \\\\\"We would know if this were the case.\\\\\"\\\\n\\\\nDrizen: \\\\\"In the\"}', '{\"text\":\"charges brought against me, it was suggested that the effects of my countersteps against the Ender people could have effects that would not be fully understood even by us for generations. Could this not also be true for their actions?\\\\\"\"}', '{\"text\":\"Gada: \\\\\"It could be, yes.\\\\\"\\\\n\\\\nDrizen: \\\\\"So it is then possible, to summarize, that the Ender people could be damaging the sanctity of the Buried Ocean, either willfully or in ignorance, and that the effects may not be immediately understood, but that in time, an Elder\"}', '{\"text\":\"Guardian, such as a King, could determine that these actions have or would become a threat if they continued. Is this hypothetical accurate?\\\\\"\\\\n\\\\nGada: \\\\\"As merely a hypothetical, yes.\\\\\"\\\\n\\\\nDrizen: \\\\\"No further questions.\\\\\"\"}'], title: \"Buried Histories Vol. VI\", author: \"Unknown\"}"
          }
        ]
      }
    },
    "book7": {
      "trigger": "minecraft:inventory_changed",
      "conditions": {
        "items": [
          {
            "item": "minecraft:written_book",
            "nbt": "{generation: 3, pages: ['{\"text\":\"Syx: \\\\\"Let there once again be order in the court. [Pause] Thank you Guardian Gada, you may return to your gallery. Does the prosecution have another witness?\\\\\"\\\\n\\\\nHane: \\\\\"No, your Elder.\\\\\"\\\\n\\\\nSyx: \\\\\"Your majesty?\\\\\"\"}', '{\"text\":\"Drizen: \\\\\"I rest my case, your Elder.\\\\\"\\\\n\\\\nSyx: \\\\\"Then the court of the Guardians will take their vote to decide the fate of King Drizen, judged by a jury of his subjects.\\\\\"\"}'], title: \"Buried Histories Vol. VII\", author: \"Unknown\"}"
          }
        ]
      }
    },
    "book8": {
      "trigger": "minecraft:inventory_changed",
      "conditions": {
        "items": [
          {
            "item": "minecraft:written_book",
            "nbt": "{generation: 3, pages: ['{\"text\":\"Syx: \\\\\"The vote is counted. By a tally of three-hundred-and-twelve to seventy-nine, King Drizen, you are hereby convicted on the charges of endangering, pollution, and war crimes, and are forcibly abdicated from your throne. As consequence, you will be banished from\"}', '{\"text\":\"the Buried Ocean entirely, through the Mysterious Portals of the sky-world and to another plane entirely, to be imprisoned for eternity in an aquatic cell, forgotten by this kingdom. Reparations will be made immediately to restore our civilization\\'s raport with the Ender peoples, and\"}', '{\"text\":\"research will begin on the effects of your actions at the now-infected Mushroom Islets, and how to reverse them. Baliff, assemble the Royal Guard to escort King Drizen to his consequence.\\\\\"\"}'], title: \"Buried Histories Vol. VIII\", author: \"Unknown\"}"
          }
        ]
      }
    }
  },
  "rewards": {
    "experience": 1000
  }
}