{
  "parent": "nitdim:nitdim/ach2.4",
  "display": {
    "icon": {
      "item": "minecraft:chiseled_red_sandstone"
    },
    "title": "The Imposing Obelisk",
    "description": "Clear the Illagers' Obelisk in the Primordial Desert.",
    "frame": "task",
	"background": "minecraft:textures/block/oak_planks.png",
    "show_toast": true,
    "announce_to_chat": true,
    "hidden": false
  },
  "rewards": {
    "experience": 100
  },
  "criteria": {
    "open-town-chest": {
      "trigger": "minecraft:player_generates_container_loot",
      "conditions": {
        "player": [
          {
            "condition": "minecraft:location_check",
            "predicate": {
              "feature": "village",
              "dimension": "nitdim:primordial_desert"
            }
          }
        ],
        "loot_table": "nitdim:chest/obelisk_boss"
      }
    }
  }
}