{
  "type": "minecraft:command",
  "pools": [
    {
      "rolls": 1,
      "entries": [
        {
          "type": "minecraft:item",
          "name": "minecraft:written_book",
          "functions": [
            {
              "function": "minecraft:set_nbt",
              "tag": "{pages:[\"[\\\"\\\",{\\\"text\\\":\\\"\\\\n\\\\n\\\\n\\\\n\\\\n         Start the\\\\n   Endermen's home!\\\",\\\"color\\\":\\\"dark_purple\\\",\\\"clickEvent\\\":{\\\"action\\\":\\\"run_command\\\",\\\"value\\\":\\\"/trigger nitContract set 3\\\"}}]\"],title:\"Refugee Plans\",author:\"The Mayor\",ench:[{id:0,lvl:0}],HideFlags:1}"
            }
          ]
        }
      ]
    }
  ]
}