{
  "parent": "gero:recipes/root",
  "display": {
    "icon": {
      "item": "minecraft:crossbow"
    },
    "title": "Crossbow Table Crafting",
    "description": "Q = Building Permit\nL = Oak Logs\nF = Flint\nLx8  | Fx2 | Lx8\nFx2 |  Q  | Fx2\nLx8  | Fx2 | Lx8",
    "frame": "task",
    "show_toast": false,
    "announce_to_chat": false,
    "hidden": false
  },
  "rewards": {
    "function": "gero:siteplanner/build_crossbow_table"
  },
  "criteria": {
    "open-dropper": {
      "trigger": "minecraft:item_used_on_block",
      "conditions": {
        "location": {
          "block": {
            "block": "dropper",
			"nbt":"{Items:[{Slot:0b,id:\"minecraft:oak_log\",Count:8b},{Slot:1b,id:\"minecraft:flint\",Count:2b},{Slot:2b,id:\"minecraft:oak_log\",Count:8b},{Slot:3b,id:\"minecraft:flint\",Count:2b},{Slot:4b,id:\"minecraft:paper\",Count:1b,tag:{HideFlags:1,display:{Lore:['{\"text\":\"The final ingredient\"}','{\"text\":\"in new town structures.\"}'],Name:'{\"text\":\"Building Permit\"}'},Enchantments:[{lvl:0,id:\"minecraft:protection\"}]}},{Slot:5b,id:\"minecraft:flint\",Count:2b},{Slot:6b,id:\"minecraft:oak_log\",Count:8b},{Slot:7b,id:\"minecraft:flint\",Count:2b},{Slot:8b,id:\"minecraft:oak_log\",Count:8b}]}"
          }
        }
      }
    }
  }
}