{
  "parent": "difdaf:recipes/root",
  "display": {
    "icon": {
      "item": "minecraft:crafting_table"
    },
    "title": "iron_golem_farm Crafting",
    "description": "Q = Building Permit\nS = Stone\nL = Oak Log\nE = Emerald Block\nI = Iron Block\nD = Diamond\nSx64  | Ex4 | Sx64\nIx16 |  Q  | Ix16\nLx32  | Dx4 | Lx32",
    "frame": "task",
    "show_toast": false,
    "announce_to_chat": false,
    "hidden": false
  },
  "rewards": {
    "function": "difdaf:siteplanner/build_iron_golem_farm"
  },
  "criteria": {
    "open-dropper": {
      "trigger": "minecraft:item_used_on_block",
      "conditions": {
        "location": {
          "block": {
            "block": "dropper",
			"nbt":"{Items:[{Slot:0b,id:\"minecraft:stone\",Count:64b},{Slot:1b,id:\"minecraft:emerald_block\",Count:4b},{Slot:2b,id:\"minecraft:stone\",Count:64b},{Slot:3b,id:\"minecraft:iron_block\",Count:16b},{Slot:4b,id:\"minecraft:paper\",Count:1b,tag:{HideFlags:1,display:{Lore:['{\"text\":\"The final ingredient\"}','{\"text\":\"in new town structures.\"}'],Name:'{\"text\":\"Building Permit\"}'},Enchantments:[{lvl:0,id:\"minecraft:protection\"}]}},{Slot:5b,id:\"minecraft:iron_block\",Count:16b},{Slot:6b,id:\"minecraft:oak_log\",Count:32b},{Slot:7b,id:\"minecraft:diamond\",Count:4b},{Slot:8b,id:\"minecraft:oak_log\",Count:32b}]}"
          }
        }
      }
    }
  }
}