{
  "parent": "difdaf:recipes/root",
  "display": {
    "icon": {
      "item": "minecraft:crafting_table"
    },
    "title": "Bee_Forest_Clearing Crafting",
    "description": "Q = Building Permit\nB = Beehive\nN = Beenest\nD = Dandelion\nC = Campfire\nP = Poppy\nBx1  | Nx1 | Bx1\nDx8 |  Q  | Dx8\nCx2  | Px16 | Cx2",
    "frame": "task",
    "show_toast": false,
    "announce_to_chat": false,
    "hidden": false
  },
  "rewards": {
    "function": "difdaf:siteplanner/build_bee_forest_clearing"
  },
  "criteria": {
    "open-dropper": {
      "trigger": "minecraft:item_used_on_block",
      "conditions": {
        "location": {
          "block": {
            "block": "dropper",
			"nbt":"{Items:[{Slot:0b,id:\"minecraft:beehive\",Count:1b},{Slot:1b,id:\"minecraft:bee_nest\",Count:1b},{Slot:2b,id:\"minecraft:beehive\",Count:1b},{Slot:3b,id:\"minecraft:dandelion\",Count:8b},{Slot:4b,id:\"minecraft:paper\",Count:1b,tag:{HideFlags:1,display:{Lore:['{\"text\":\"The final ingredient\"}','{\"text\":\"in new town structures.\"}'],Name:'{\"text\":\"Building Permit\"}'},Enchantments:[{lvl:0,id:\"minecraft:protection\"}]}},{Slot:5b,id:\"minecraft:dandelion\",Count:8b},{Slot:6b,id:\"minecraft:campfire\",Count:2b},{Slot:7b,id:\"minecraft:poppy\",Count:16b},{Slot:8b,id:\"minecraft:campfire\",Count:2b}]}"
          }
        }
      }
    }
  }
}