{
  "parent": "bloomin_town:recipes/root",
  "display": {
    "icon": {
      "item": "minecraft:allium"
    },
    "title": "Flower Shop Crafting",
    "description": "Q = Building Permit\nL = Oak Log\nS = Stone\nD = Dandelion\nP = Poppy\nF = Flower Pot\nB = Brick Block\nDx8 | Lx32 | Px8\nFx4 | Q | Fx4\nSx2 | Bx8 | Sx2",
    "frame": "task",
    "show_toast": false,
    "announce_to_chat": false,
    "hidden": false
  },
  "rewards": {
    "function": "bloomin_town:siteplanner/init_flower_shop"
  },
  "criteria": {
    "open-dropper": {
      "trigger": "minecraft:item_used_on_block",
      "conditions": {
        "location": {
          "block": {
            "block": "dropper",
			"nbt":"{Items:[{Slot:0b,id:\"minecraft:dandelion\",Count:8b},{Slot:1b,id:\"minecraft:oak_log\",Count:32b},{Slot:2b,id:\"minecraft:poppy\",Count:8b},{Slot:3b,id:\"minecraft:flower_pot\",Count:4b},{Slot:4b,id:\"minecraft:paper\",Count:1b,tag:{HideFlags:1,display:{Lore:['{\"text\":\"The final ingredient\"}','{\"text\":\"in new town structures.\"}'],Name:'{\"text\":\"Building Permit\"}'},Enchantments:[{lvl:0,id:\"minecraft:protection\"}]}},{Slot:5b,id:\"minecraft:flower_pot\",Count:4b},{Slot:6b,id:\"minecraft:stone\",Count:2b},{Slot:7b,id:\"minecraft:bricks\",Count:8b},{Slot:8b,id:\"minecraft:stone\",Count:2b}]}"
          }
        }
      }
    }
  }
}