{
  "parent": "bloomin_town:recipes/root",
  "display": {
    "icon": {
      "item": "minecraft:rabbit_foot"
    },
    "title": "Rabbit Pen Crafting",
    "description": "Q = Building Permit\nC = Carrot\nL = Oak Log\nS = Stone\nH = Rabbit Hide\nLx8 | Lx16 | Lx8\nCx16 | Q | Hx4\nSx2 | Sx4 | Sx2",
    "frame": "task",
    "show_toast": false,
    "announce_to_chat": false,
    "hidden": false
  },
  "rewards": {
    "function": "bloomin_town:siteplanner/init_rabbit_pen"
  },
  "criteria": {
    "open-dropper": {
      "trigger": "minecraft:item_used_on_block",
      "conditions": {
        "location": {
          "block": {
            "block": "dropper",
			"nbt":"{Items:[{Slot:0b,id:\"minecraft:oak_log\",Count:8b},{Slot:1b,id:\"minecraft:oak_log\",Count:16b},{Slot:2b,id:\"minecraft:oak_log\",Count:8b},{Slot:3b,id:\"minecraft:carrot\",Count:16b},{Slot:4b,id:\"minecraft:paper\",Count:1b,tag:{HideFlags:1,display:{Lore:['{\"text\":\"The final ingredient\"}','{\"text\":\"in new town structures.\"}'],Name:'{\"text\":\"Building Permit\"}'},Enchantments:[{lvl:0,id:\"minecraft:protection\"}]}},{Slot:5b,id:\"minecraft:rabbit_hide\",Count:4b},{Slot:6b,id:\"minecraft:stone\",Count:2b},{Slot:7b,id:\"minecraft:stone\",Count:4b},{Slot:8b,id:\"minecraft:stone\",Count:2b}]}"
          }
        }
      }
    }
  }
}