{
  "name": "nitdim:buried_ocean/dark_sea_starts",
  "fallback": "minecraft:empty",
  "elements": [
	{
      "weight": 3,
      "element": {
        "location": "nitdim:buried_ocean/ancient_tower/foundation",
        "processors": "minecraft:empty",
        "projection": "rigid",
        "element_type": "minecraft:single_pool_element"
      }
    },
	{
      "weight": 1,
      "element": {
        "location": "nitdim:buried_ocean/shipwreck/ghost_ship",
        "processors": "minecraft:empty",
        "projection": "rigid",
        "element_type": "minecraft:single_pool_element"
      }
    },
	{
      "weight": 5,
      "element": {
        "location": "nitdim:buried_ocean/shipwreck/sideways",
        "processors": "minecraft:empty",
        "projection": "rigid",
        "element_type": "minecraft:single_pool_element"
      }
    },
	{
      "weight": 5,
      "element": {
        "location": "nitdim:buried_ocean/shipwreck/upside_down",
        "processors": "minecraft:empty",
        "projection": "rigid",
        "element_type": "minecraft:single_pool_element"
      }
    },
	{
      "weight": 5,
      "element": {
        "location": "nitdim:buried_ocean/shipwreck/rightside_up",
        "processors": "minecraft:empty",
        "projection": "rigid",
        "element_type": "minecraft:single_pool_element"
      }
    },
	{
      "weight": 3,
      "element": {
        "location": "nitdim:buried_ocean/conduit_ruined",
        "processors": "minecraft:empty",
        "projection": "rigid",
        "element_type": "minecraft:single_pool_element"
      }
    },
	{
      "weight": 2,
      "element": {
        "location": "nitdim:buried_ocean/conduit_complete",
        "processors": "minecraft:empty",
        "projection": "rigid",
        "element_type": "minecraft:single_pool_element"
      }
    }
  ]
}