{
  "condition": "minecraft:alternative",
  "terms": [
    {
      "condition": "minecraft:entity_properties",
      "entity": "this",
      "predicate": {
        "nbt": "{data:{Target:{id:\"minecraft:raw_copper\"}}}"
      }
    },
    {
      "condition": "minecraft:entity_properties",
      "entity": "this",
      "predicate": {
        "nbt": "{data:{Target:{id:\"minecraft:copper_ore\"}}}"
      }
    },
	{
      "condition": "minecraft:entity_properties",
      "entity": "this",
      "predicate": {
        "nbt": "{data:{Target:{id:\"minecraft:deepslate_copper_ore\"}}}"
      }
    }
  ]
}
