{
  "condition": "minecraft:alternative",
  "terms": [
    {
      "condition": "minecraft:entity_properties",
      "entity": "this",
      "predicate": {
        "nbt": "{data:{Target:{id:\"minecraft:raw_gold\"}}}"
      }
    },
    {
      "condition": "minecraft:entity_properties",
      "entity": "this",
      "predicate": {
        "nbt": "{data:{Target:{id:\"minecraft:gold_ore\"}}}"
      }
    },
	{
      "condition": "minecraft:entity_properties",
      "entity": "this",
      "predicate": {
        "nbt": "{data:{Target:{id:\"minecraft:deepslate_gold_ore\"}}}"
      }
    },
	{
      "condition": "minecraft:entity_properties",
      "entity": "this",
      "predicate": {
        "nbt": "{data:{Target:{id:\"minecraft:nether_gold_ore\"}}}"
      }
    },
	{
      "condition": "minecraft:entity_properties",
      "entity": "this",
      "predicate": {
        "nbt": "{data:{Target:{id:\"minecraft:gilded_blackstone\"}}}"
      }
    }
  ]
}
