{
  "criteria": {
    "press-lift-button": {
      "trigger": "minecraft:item_used_on_block",
      "conditions": {
        "player": [
          {
            "condition": "minecraft:entity_properties",
            "entity": "this",
            "predicate": {
              "location": {
                "dimension": "nitdim:primordial_desert"
              }
            }
          }
        ],
        "location": {
          "block": {
            "blocks": [
              "minecraft:stone_button"
            ]
          }
        }
      }
    }
  },
  "rewards": {
    "function": "nitex:recurs/lift"
  }
}