{
  "surface_builder": "nitdim:frozen_lake",
  "depth": -0.95,
  "scale": 0.135,
  "temperature": -0.5,
  "downfall": 0.5,
  "precipitation": "snow",
  "category": "river",
  "player_spawn_friendly": false,
  "effects": {
    "sky_color": 8615811,
    "fog_color": 6312541,
    "water_color": 7638226,
    "water_fog_color": 3291203,
    "grass_color": 6247436,
    "foliage_color": 7229714,
    "grass_color_modifier": "none"
  },
  "starts": [],
  "spawners": {
    "monster": [
      {
        "type": "minecraft:spider",
        "weight": 16,
        "minCount": 2,
        "maxCount": 3
      },
      {
        "type": "minecraft:creeper",
        "weight": 4,
        "minCount": 1,
        "maxCount": 1
      },
      {
        "type": "minecraft:stray",
        "weight": 30,
        "minCount": 1,
        "maxCount": 2
      },
      {
        "type": "minecraft:zombie",
        "weight": 40,
        "minCount": 1,
        "maxCount": 3
      }
    ],
    "creature": [
	  {
        "type": "minecraft:polar_bear",
        "weight": 1,
        "minCount": 2,
        "maxCount": 3
      }
	],
    "ambient": [],
    "water_creature": [
      {
        "type": "minecraft:squid",
        "weight": 4,
        "minCount": 2,
        "maxCount": 3
      },
      {
        "type": "minecraft:cod",
        "weight": 7,
        "minCount": 3,
        "maxCount": 5
      },
      {
        "type": "minecraft:salmon",
        "weight": 10,
        "minCount": 5,
        "maxCount": 8
      }
    ],
    "water_ambient": [],
    "misc": []
  },
  "spawn_costs": {},
  "carvers": {
    "air": [
      "minecraft:canyon",
      "minecraft:cave"
    ]
  },
  "features": [
    [],
    [
      "minecraft:lake_water"
    ],
    [],
    [],
    [],
    [],
    [
      "minecraft:ore_dirt",
      "minecraft:ore_gravel",
      "minecraft:ore_granite",
      "minecraft:ore_diorite",
      "minecraft:ore_andesite",
      "minecraft:disk_sand",
      "minecraft:disk_clay",
      "minecraft:disk_gravel",
	  "nitdim:tempest/ore_coal",
	  "nitdim:tempest/ore_copper_buried",
	  "nitdim:tempest/ore_diamond",
	  "nitdim:tempest/ore_gold",
	  "nitdim:tempest/ore_iron",
	  "nitdim:tempest/ore_lapis",
	  "nitdim:tempest/ore_redstone"
    ],
    [
	  "minecraft:iceberg_packed"
	],
    [
      "minecraft:trees_water",
      "minecraft:patch_grass_badlands",
      "minecraft:patch_sugar_cane",
      "minecraft:spring_water",
      "minecraft:spring_lava",
      "minecraft:seagrass_cold",
	  "minecraft:kelp_cold",
	  "nitdim:tempest/oxygen_floor"
    ],
    [
      "minecraft:freeze_top_layer"
    ]
  ]
}