{
  "surface_builder": "nitdim:glacier",
  "depth": 0.875,
  "scale": 0.65,
  "temperature": -1,
  "downfall": 0,
  "precipitation": "snow",
  "temperature_modifier": "frozen",
  "category": "extreme_hills",
  "player_spawn_friendly": false,
  "creature_spawn_probability": 0.2,
  "effects": {
    "sky_color": 11178666,
    "fog_color": 15262695,
    "water_color": 8163755,
    "water_fog_color": 4016465,
    "grass_color": 15073268,
    "foliage_color": 12906201,
    "grass_color_modifier": "none"
  },
  "starts": [
    "nitdim:tempest/ice_castle"
  ],
  "spawners": {
    "creature": [],
	"monster": [
      {
        "type": "minecraft:spider",
        "weight": 12,
        "minCount": 2,
        "maxCount": 3
      },
      {
        "type": "minecraft:creeper",
        "weight": 2,
        "minCount": 1,
        "maxCount": 1
      },
      {
        "type": "minecraft:stray",
        "weight": 30,
        "minCount": 1,
        "maxCount": 2
      },
      {
        "type": "minecraft:vindicator",
        "weight": 4,
        "minCount": 1,
        "maxCount": 1
      },
      {
        "type": "minecraft:zombie",
        "weight": 16,
        "minCount": 1,
        "maxCount": 3
      }
    ],
	"water_creature": []
  },
  "spawn_costs": {},
  "carvers": {
    "air": [
      "minecraft:canyon",
      "minecraft:cave"
    ]
  },
  "features": [
    [
	  "nitdim:tempest/glacier_wall"
	],
    [
	  "nitdim:in_between/replacer_basalt"
	],
    [
	  "nitdim:tempest/carving_mask_glacier"
	],
    [],
    [],
    [],
    [
      "minecraft:ore_dirt",
      "minecraft:ore_gravel",
      "minecraft:ore_granite",
      "minecraft:ore_diorite",
      "minecraft:ore_andesite",
      "minecraft:disk_sand",
      "minecraft:disk_clay",
      "minecraft:disk_gravel",
	  "nitdim:tempest/ore_copper_buried",
	  "nitdim:tempest/ore_diamond",
	  "nitdim:tempest/ore_gold",
	  "nitdim:tempest/ore_gold",
	  "nitdim:tempest/ore_lapis",
	  "nitdim:tempest/ore_redstone"
    ],
    [],
    [],
    [
      "minecraft:freeze_top_layer"
    ]
  ]
}