{
  "surface_builder": "nitdim:tundra",
  "depth": 0.425,
  "scale": 0.55,
  "temperature": -1,
  "downfall": 0,
  "precipitation": "snow",
  "temperature_modifier": "frozen",
  "category": "forest",
  "player_spawn_friendly": false,
  "creature_spawn_probability": 0.2,
  "effects": {
    "sky_color": 11178666,
    "fog_color": 15262695,
    "water_color": 8163755,
    "water_fog_color": 4016465,
    "grass_color": 15073268,
    "foliage_color": 12906201,
    "grass_color_modifier": "none",
    "particle": {
      "options": {
        "type": "minecraft:dust",
        "r": 1,
        "g": 1,
        "b": 1,
        "scale": 0.4
      },
      "probability": 0.115
    }
  },
  "starts": [],
  "spawners": {
    "creature": [
      {
        "type": "minecraft:rabbit",
        "weight": 3,
        "minCount": 2,
        "maxCount": 5
      },
      {
        "type": "minecraft:fox",
        "weight": 2,
        "minCount": 1,
        "maxCount": 4
      },
      {
        "type": "minecraft:chicken",
        "weight": 6,
        "minCount": 3,
        "maxCount": 4
      },
      {
        "type": "minecraft:pig",
        "weight": 10,
        "minCount": 2,
        "maxCount": 3
      },
      {
        "type": "minecraft:llama",
        "weight": 5,
        "minCount": 1,
        "maxCount": 4
      },
      {
        "type": "minecraft:sheep",
        "weight": 8,
        "minCount": 2,
        "maxCount": 3
      }
    ],
    "monster": [
      {
        "type": "minecraft:spider",
        "weight": 12,
        "minCount": 2,
        "maxCount": 3
      },
      {
        "type": "minecraft:creeper",
        "weight": 2,
        "minCount": 1,
        "maxCount": 1
      },
      {
        "type": "minecraft:stray",
        "weight": 30,
        "minCount": 1,
        "maxCount": 2
      },
      {
        "type": "minecraft:vindicator",
        "weight": 4,
        "minCount": 1,
        "maxCount": 1
      },
      {
        "type": "minecraft:zombie",
        "weight": 16,
        "minCount": 1,
        "maxCount": 3
      }
    ],
    "water_creature": []
  },
  "spawn_costs": {},
  "carvers": {
    "air": [
      "minecraft:canyon",
      "minecraft:cave"
    ]
  },
  "features": [
    [],
    [
      "minecraft:lake_water"
    ],
    [],
    [],
    [],
    [],
    [
      "minecraft:ore_dirt",
      "minecraft:ore_gravel",
      "minecraft:ore_granite",
      "minecraft:ore_diorite",
      "minecraft:ore_andesite",
      "minecraft:disk_sand",
      "minecraft:disk_clay",
      "minecraft:disk_gravel",
	  "nitdim:tempest/ore_coal",
	  "nitdim:tempest/ore_copper_buried",
	  "nitdim:tempest/ore_diamond",
	  "nitdim:tempest/ore_gold",
	  "nitdim:tempest/ore_iron",
	  "nitdim:tempest/ore_iron",
	  "nitdim:tempest/ore_lapis",
	  "nitdim:tempest/ore_redstone"
    ],
    [
      "minecraft:spruce",
      "nitdim:forest_fancy"
	],
    [
	  "nitdim:tempest/snow_patch",
	  "nitdim:tempest/snow_patch_powdered",
      "minecraft:patch_grass_plain"
    ],
    [
      "minecraft:freeze_top_layer"
    ]
  ]
}