{
  "surface_builder": "nitdim:slime",
  "depth": -0.235,
  "scale": 0.01,
  "temperature": 0.5,
  "downfall": 0.5,
  "precipitation": "rain",
  "temperature_modifier": "none",
  "category": "swamp",
  "player_spawn_friendly": false,
  "creature_spawn_probability": 0.2,
  "effects": {
    "sky_color": 8615811,
    "fog_color": 6312541,
    "water_color": 2604601,
    "water_fog_color": 1461269,
    "grass_color": 3320134,
    "foliage_color": 7131499
  },
  "starts": [],
  "spawners": {
    "creature": [],
    "monster": [
      {
        "type": "minecraft:magma_cube",
        "weight": 10,
        "minCount": 2,
        "maxCount": 3
      },
      {
        "type": "minecraft:slime",
        "weight": 10,
        "minCount": 3,
        "maxCount": 5
      }
    ],
    "water_creature": []
  },
  "spawn_costs": {
    "minecraft:magma_cube": {
      "energy_budget": 0.12,
      "charge": 1.0
    }
  },
  "carvers": {
    "air": [
      "minecraft:canyon",
      "minecraft:cave"
    ]
  },
  "features": [
    [],
    [],
    [],
    [],
    [],
    [],
    [
      "minecraft:ore_dirt",
      "minecraft:ore_gravel",
      "minecraft:ore_granite",
      "minecraft:ore_diorite",
      "minecraft:ore_andesite",
	  "nitdim:tempest/ore_coal",
	  "nitdim:tempest/ore_copper_buried",
	  "nitdim:tempest/ore_diamond",
	  "nitdim:tempest/ore_gold",
	  "nitdim:tempest/ore_iron",
	  "nitdim:tempest/ore_lapis",
	  "nitdim:tempest/ore_redstone"
    ],
    [
	  "nitdim:tempest/patch_magma"
	],
    [
      "minecraft:patch_grass_plain",
      "minecraft:patch_red_mushroom",
      "minecraft:patch_brown_mushroom"
    ],
    [
      "nitdim:tempest/delta_slime"
    ]
  ]
}