{
  "surface_builder": "nitdim:concrete",
  "depth": 0.255,
  "scale": 0.4,
  "temperature": 0.5,
  "downfall": 0.5,
  "precipitation": "rain",
  "temperature_modifier": "none",
  "category": "mesa",
  "player_spawn_friendly": false,
  "creature_spawn_probability": 0.2,
  "effects": {
    "sky_color": 8615811,
    "fog_color": 6312541,
    "water_color": 7638226,
    "water_fog_color": 3291203,
    "grass_color": 8736271,
    "foliage_color": 7229714,
	"particle": {
      "options": {
        "type": "minecraft:dust",
        "r": 0.2,
        "g": 0.2,
        "b": 0.2,
        "scale": 1.0
      },
      "probability": 0.03
    }
  },
  "starts": [],
  "spawners": {
    "creature": [],
    "monster": [
      {
        "type": "minecraft:spider",
        "weight": 16,
        "minCount": 2,
        "maxCount": 3
      },
      {
        "type": "minecraft:pillager",
        "weight": 5,
        "minCount": 2,
        "maxCount": 3
      },
      {
        "type": "minecraft:phantom",
        "weight": 1,
        "minCount": 1,
        "maxCount": 2
      },
      {
        "type": "minecraft:silverfish",
        "weight": 24,
        "minCount": 1,
        "maxCount": 2
      },
      {
        "type": "minecraft:creeper",
        "weight": 30,
        "minCount": 1,
        "maxCount": 1
      }
    ],
    "water_creature": []
  },
  "spawn_costs": {},
  "carvers": {
    "air": [
      "minecraft:canyon",
      "minecraft:cave"
    ]
  },
  "features": [
    [],
    [],
    [],
    [
	  "nitdim:tempest/stockpile_powders"
	],
    [
	  "nitdim:tempest/mesa/white_gray",
	  "nitdim:tempest/mesa/brown_cyan",
	  "nitdim:tempest/mesa/gray_red",
	  "nitdim:tempest/mesa/orange_white",
	  "nitdim:tempest/mesa/plain_gray",
	  "nitdim:tempest/mesa/red_brown",
	  "nitdim:tempest/mesa/yellow_black"
	],
    [
      "minecraft:ore_dirt",
      "minecraft:ore_gravel",
      "minecraft:ore_granite",
      "minecraft:ore_diorite",
      "minecraft:ore_andesite",
      "minecraft:disk_sand",
      "minecraft:disk_clay",
      "minecraft:disk_gravel",
	  "nitdim:tempest/ore_coal",
	  "nitdim:tempest/ore_copper_buried",
	  "nitdim:tempest/ore_diamond",
	  "nitdim:tempest/ore_gold",
	  "nitdim:tempest/ore_iron",
	  "nitdim:tempest/ore_lapis",
	  "nitdim:tempest/ore_redstone"
    ],
    [],
    [],
    [],
    []
  ]
}