{
  "name": "nitdim:infected_starts",
  "fallback": "minecraft:empty",
  "elements": [
	{
      "weight": 2,
      "element": {
        "location": "nitdim:invasion/planar_portal",
        "processors": "nitdim:town_rot",
        "projection": "terrain_matching",
        "element_type": "minecraft:single_pool_element"
      }
    },
	{
      "weight": 20,
      "element": {
        "location": "nitdim:invasion/planar_portal",
        "processors": "nitdim:town_rot",
        "projection": "rigid",
        "element_type": "minecraft:single_pool_element"
      }
    },
	{
      "weight": 3,
      "element": {
        "location": "nitdim:invasion/obelisk",
        "processors": "nitdim:town_rot",
        "projection": "terrain_matching",
        "element_type": "minecraft:single_pool_element"
      }
    },
	{
      "weight": 10,
      "element": {
        "location": "nitdim:invasion/obelisk",
        "processors": "nitdim:town_rot",
        "projection": "rigid",
        "element_type": "minecraft:single_pool_element"
      }
    },
	{
      "weight": 60,
      "element": {
        "location": "nitdim:invasion/empty",
        "processors": "minecraft:empty",
        "projection": "rigid",
        "element_type": "minecraft:single_pool_element"
      }
    }
  ]
}