{
  "type": "minecraft:chest",
  "pools": [
    {
      "rolls": 1,
      "entries": [
        {
          "type": "minecraft:item",
          "weight": 4,
          "name": "minecraft:written_book",
          "functions": [
            {
              "function": "minecraft:set_nbt",
              "tag": "{generation:3,pages:['[\"\",{\"text\":\"Day 30\",\"underlined\":true},{\"text\":\"\\\\nI fear we will never be able to force the transition of a Piglin from life to undeath.\\\\nWe have tried infecting Piglins by grafting rotten flesh from the husks of the night to their own, even letting them return to their village. In time, through half-understood\",\"color\":\"reset\"}]','{\"text\":\"ritual and pattern recognition, they erected shrines similar to those haunting reminders we have of our mission. They have begun to worship the Tyrant, without even realizing what nightmare they offer their gold to! I almost pray that immortal Wither does come here.\"}','{\"text\":\"Perhaps that withering effect of his soldiers might yield more result than we have...\"}'],title:\"Obelisk Field Report #5\",author:Unknown}"
            }
          ]
        },
        {
          "type": "minecraft:item",
          "weight": 1,
          "name": "minecraft:written_book",
          "functions": [
            {
              "function": "minecraft:set_nbt",
              "tag": "{generation:3,pages:['[\"\",{\"text\":\"Day 31\",\"underlined\":true},{\"text\":\"\\\\nOn a whim, I took one of the Piglins to be caged outside of the Obelisk. Around the cage, I erected a short enclosure of copper, hooking it to the cage and directly to the piglin with redstone. Finally, I set a lightning rod on top.\",\"color\":\"reset\"}]','{\"text\":\"Not once in this Primordial Desert has it stormed. Lightning is an every day--every moment--occurence in the Tempest, where Piglins transform immediately. Even in the In Between, floating high in the sky of same alien dimension, Piglins shed their life for undeath despite the lack\"}','[\"\",{\"text\":\"of rain there, either. This \"},{\"text\":\"must\",\"italic\":true},{\"text\":\" be why they cling to life so thoroughly in this dry desert with its calm skies. But, if one of our wizards could cast a sufficiently powered lightning spell, directing all of that energy into a single Piglin...\\\\nSuccess! I must inform Rexial immediately.\",\"color\":\"reset\"}]'],title:\"Obelisk Field Report #6\",author:Unknown}"
            }
          ]
        }
      ]
    },
    {
      "rolls": {
        "type": "minecraft:uniform",
        "min": 15,
        "max": 20
      },
      "entries": [
        {
          "type": "minecraft:item",
          "weight": 2,
          "name": "minecraft:ancient_debris"
        },
        {
          "type": "minecraft:item",
          "weight": 15,
          "name": "minecraft:red_sandstone"
        },
        {
          "type": "minecraft:item",
          "weight": 11,
          "name": "minecraft:soul_torch"
        },
        {
          "type": "minecraft:item",
          "weight": 10,
          "name": "minecraft:gold_ingot"
        },
        {
          "type": "minecraft:item",
          "weight": 7,
          "name": "minecraft:iron_ingot"
        },
        {
          "type": "minecraft:item",
          "weight": 4,
          "name": "minecraft:diamond"
        },
        {
          "type": "minecraft:item",
          "weight": 3,
          "name": "minecraft:emerald"
        },
        {
          "type": "minecraft:item",
          "weight": 2,
          "name": "minecraft:totem_of_undying"
        }
      ]
    }
  ]
}