{
  "type": "minecraft:chest",
  "pools": [
    {
      "rolls": 1,
      "entries": [
        {
          "type": "minecraft:item",
          "weight": 4,
          "name": "minecraft:written_book",
          "functions": [
            {
              "function": "minecraft:set_nbt",
              "tag": "{generation:3,pages:['[\"\",{\"text\":\"Day 14\",\"underlined\":true},{\"text\":\"\\\\nConstruction of the Obelisk has been completed. Its location was chosen for its proximity to several Piglin settlements, which proved doubly fruitful for their willingness to provide some building materials in exchange for gold. Most notably,\",\"color\":\"reset\"}]','{\"text\":\"we have had to rely on Soul Fire much more than anticipated, to ward away the Hoglins of the day. Naturally, we are all quite used to those horrors of the night knocking on our doors, but the thick hides and huge tusks of this Primordial Desert are otherworldly.\"}'],title:\"Obelisk Field Report #1\",author:Unknown}"
            }
          ]
        },
        {
          "type": "minecraft:item",
          "weight": 6,
          "name": "minecraft:written_book",
          "functions": [
            {
              "function": "minecraft:set_nbt",
              "tag": "{generation:3,pages:['[\"\",{\"text\":\"Day 19\",\"underlined\":true},{\"text\":\"\\\\nIn the cover of night, a small group of Piglins have been transported from the nearby village for study. Their minds are simple, following gold easily, be they children or adults. Although some houses may lie empty now, these creatures set out on\",\"color\":\"reset\"}]','{\"text\":\"impromptu hunting parties quite frequently. No other Piglins should miss these few. I would be surprised if they had the language and recognition skills developed enough to notice or communicate concern.\"}'],title:\"Obelisk Field Report #3\",author:Unknown}"
            }
          ]
        }
      ]
    },
    {
      "rolls": {
        "type": "minecraft:uniform",
        "min": 8,
        "max": 12
      },
      "entries": [
        {
          "type": "minecraft:item",
          "weight": 3,
          "name": "minecraft:diamond"
        },
        {
          "type": "minecraft:item",
          "weight": 15,
          "name": "minecraft:sand"
        },
        {
          "type": "minecraft:item",
          "weight": 11,
          "name": "minecraft:red_sand"
        },
        {
          "type": "minecraft:item",
          "weight": 10,
          "name": "minecraft:sandstone"
        },
        {
          "type": "minecraft:item",
          "weight": 7,
          "name": "minecraft:red_sandstone"
        },
        {
          "type": "minecraft:item",
          "weight": 4,
          "name": "minecraft:emerald"
        },
        {
          "type": "minecraft:item",
          "weight": 5,
          "name": "minecraft:iron_axe"
        },
        {
          "type": "minecraft:item",
          "weight": 4,
          "name": "minecraft:crossbow"
        },
        {
          "type": "minecraft:item",
          "weight": 2,
          "name": "minecraft:gold_block"
        }
      ]
    }
  ]
}