{
  "type": "minecraft:chest",
  "pools": [
    {
      "rolls": {
        "min": 10,
        "max": 15
      },
      "bonus_rolls": {
        "min": 5,
        "max": 10
      },
      "entries": [
        {
          "type": "minecraft:item",
          "weight": 1,
          "name": "minecraft:netherite_scrap"
        },
        {
          "type": "minecraft:item",
          "weight": 1,
          "name": "minecraft:enchanted_golden_apple"
        },
        {
          "type": "minecraft:item",
          "weight": 4,
          "name": "minecraft:golden_apple"
        },
        {
          "type": "minecraft:item",
          "weight": 6,
          "name": "minecraft:golden_shovel",
          "functions": [
            {
              "function": "minecraft:enchant_with_levels",
              "levels": {
                "min": 15,
                "max": 30
              },
              "treasure": true
            }
          ]
        },
        {
          "type": "minecraft:item",
          "weight": 5,
          "name": "minecraft:golden_pickaxe",
          "functions": [
            {
              "function": "minecraft:enchant_with_levels",
              "levels": {
                "min": 15,
                "max": 30
              },
              "treasure": true
            }
          ]
        },
        {
          "type": "minecraft:item",
          "weight": 5,
          "name": "minecraft:golden_sword",
          "functions": [
            {
              "function": "minecraft:enchant_with_levels",
              "levels": {
                "min": 15,
                "max": 30
              },
              "treasure": true
            }
          ]
        },
        {
          "type": "minecraft:item",
          "weight": 8,
          "name": "minecraft:gold_ingot"
        },
        {
          "type": "minecraft:item",
          "weight": 15,
          "name": "minecraft:red_sandstone"
        },
        {
          "type": "minecraft:item",
          "weight": 7,
          "name": "minecraft:crying_obsidian"
        },
        {
          "type": "minecraft:item",
          "weight": 10,
          "name": "minecraft:obsidian"
        },
        {
          "type": "minecraft:item",
          "weight": 13,
          "name": "minecraft:crimson_stem"
        },
        {
          "type": "minecraft:item",
          "weight": 20,
          "name": "minecraft:crimson_fungus"
        },
        {
          "type": "minecraft:item",
          "weight": 17,
          "name": "minecraft:sandstone"
        }
      ]
    }
  ]
}