{
  "type": "minecraft:chest",
  "pools": [
    {
      "rolls": 1,
      "entries": [
        {
          "type": "minecraft:item",
          "weight": 4,
          "name": "minecraft:written_book",
          "functions": [
            {
              "function": "minecraft:set_nbt",
              "tag": "{generation: 3, pages: ['{\"text\":\"Syx: \\\\\"Let there once again be order in the court. [Pause] Thank you Guardian Gada, you may return to your gallery. Does the prosecution have another witness?\\\\\"\\\\n\\\\nHane: \\\\\"No, your Elder.\\\\\"\\\\n\\\\nSyx: \\\\\"Your majesty?\\\\\"\"}', '{\"text\":\"Drizen: \\\\\"I rest my case, your Elder.\\\\\"\\\\n\\\\nSyx: \\\\\"Then the court of the Guardians will take their vote to decide the fate of King Drizen, judged by a jury of his subjects.\\\\\"\"}'], title: \"Buried Histories Vol. VII\", author: \"Unknown\"}"
            }
          ]
        },
        {
          "type": "minecraft:item",
          "weight": 1,
          "name": "minecraft:written_book",
          "functions": [
            {
              "function": "minecraft:set_nbt",
              "tag": "{generation: 3, pages: ['{\"text\":\"Syx: \\\\\"The vote is counted. By a tally of three-hundred-and-twelve to seventy-nine, King Drizen, you are hereby convicted on the charges of endangering, pollution, and war crimes, and are forcibly abdicated from your throne. As consequence, you will be banished from\"}', '{\"text\":\"the Buried Ocean entirely, through the Mysterious Portals of the sky-world and to another plane entirely, to be imprisoned for eternity in an aquatic cell, forgotten by this kingdom. Reparations will be made immediately to restore our civilization\\'s raport with the Ender peoples, and\"}', '{\"text\":\"research will begin on the effects of your actions at the now-infected Mushroom Islets, and how to reverse them. Baliff, assemble the Royal Guard to escort King Drizen to his consequence.\\\\\"\"}'], title: \"Buried Histories Vol. VIII\", author: \"Unknown\"}"
            }
          ]
        }
      ]
    },
    {
      "rolls": {
        "type": "minecraft:uniform",
        "min": 15,
        "max": 25
      },
      "entries": [
        {
          "type": "minecraft:item",
          "weight": 1,
          "name": "minecraft:netherite_ingot"
        },
        {
          "type": "minecraft:item",
          "weight": 15,
          "name": "minecraft:gold_ingot"
        },
        {
          "type": "minecraft:item",
          "weight": 11,
          "name": "minecraft:diamond"
        },
        {
          "type": "minecraft:item",
          "weight": 6,
          "name": "minecraft:emerald"
        },
        {
          "type": "minecraft:item",
          "weight": 8,
          "name": "minecraft:lapis_block"
        },
        {
          "type": "minecraft:alternatives",
          "children": [
            {
              "type": "minecraft:item",
              "weight": 5,
              "name": "minecraft:netherite_sword",
              "conditions": [
                {
                  "condition": "minecraft:random_chance",
                  "chance": 0.25
                }
              ]
            },
            {
              "type": "minecraft:item",
              "weight": 5,
              "name": "minecraft:netherite_pickaxe",
              "conditions": [
                {
                  "condition": "minecraft:random_chance",
                  "chance": 0.25
                }
              ]
            },
            {
              "type": "minecraft:item",
              "weight": 5,
              "name": "minecraft:netherite_shovel",
              "conditions": [
                {
                  "condition": "minecraft:random_chance",
                  "chance": 0.25
                }
              ]
            },
            {
              "type": "minecraft:item",
              "weight": 5,
              "name": "minecraft:netherite_helmet",
              "conditions": [
                {
                  "condition": "minecraft:random_chance",
                  "chance": 0.25
                }
              ]
            }
          ]
        },
        {
          "type": "minecraft:item",
          "weight": 3,
          "name": "minecraft:ancient_debris"
        },
        {
          "type": "minecraft:alternatives",
          "children": [
            {
              "type": "minecraft:item",
              "weight": 5,
              "name": "minecraft:potion",
              "functions": [
                {
                  "function": "minecraft:set_nbt",
                  "tag": "{Potion: \"minecraft:long_night_vision\"}"
                }
              ],
              "conditions": [
                {
                  "condition": "minecraft:random_chance",
                  "chance": 0.5
                }
			  ]
            },
            {
              "type": "minecraft:item",
              "weight": 5,
              "name": "minecraft:potion",
              "functions": [
                {
                  "function": "minecraft:set_nbt",
                  "tag": "{Potion: \"minecraft:long_night_vision\"}"
                }
              ],
              "conditions": [
                {
                  "condition": "minecraft:random_chance",
                  "chance": 0.5
                }
			  ]
            }
          ]
        },
        {
          "type": "minecraft:item",
          "weight": 2,
          "name": "minecraft:trident"
        }
      ]
    }
  ]
}