{
  "type": "minecraft:chest",
  "pools": [
    {
      "rolls": 1,
      "entries": [
        {
          "type": "minecraft:item",
          "weight": 5,
          "name": "minecraft:written_book",
          "functions": [
            {
              "function": "minecraft:set_nbt",
              "tag": "{generation: 3, pages: ['{\"text\":\"Hane: \\\\\"Guardian Gada, please state your occupation for the record.\\\\\"\\\\n\\\\nGada: \\\\\"I serve as the royal marine anthologist.\\\\\"\\\\n\\\\nHane: \\\\\"And what is your role, chiefly, in this position?\\\\\"\"}', '{\"text\":\"Gada: \\\\\"I study the other civilizations of the Buried Ocean, be they advanced or animal.\\\\\"\\\\n\\\\nHane: \\\\\"And do you study the Ender people in this role?\\\\\"\\\\n\\\\nGada: \\\\\"I do.\\\\\"\\\\n\\\\nHane: \\\\\"What do you know\"}', '{\"text\":\"of their culture?\\\\\"\\\\n\\\\nGada: \\\\\"Their oral history suggests that they come from another world, which had become overrun by a cruel ruler, who trapped and enslaved the Ender people in darkness. In time, they evolved a manner of transporting,\"}', '{\"text\":\"first short distances, and then to worlds far away. In small groups, they escaped their tyrant\\'s wrath as refugees, settling on the islands and roughs of the Buried Ocean, but living overall humble and communal lives.\\\\\"\\\\n\\\\nHane: \\\\\"For the record, please recount\"}', '{\"text\":\"their history with the Guardian civilization.\\\\\"\\\\n\\\\nGada: \\\\\"Although there is no record in our histories, the oral history of the Ender people suggests that they assisted in some part with the construction of our towers, graciously building those\"}', '{\"text\":\"parts which rise above the water.\\\\\"\\\\n\\\\nHane: \\\\\"Did they ask for anything in return for this service?\\\\\"\\\\n\\\\nGada: \\\\\"Yes. To be left alone.\\\\\"\\\\n\\\\nHane: \\\\\"And what do you know of Ender peoples\\' biology?\\\\\"\"}', '{\"text\":\"Gada: \\\\\"There appears to be very little left of their original form--there is evidence of great warping and accelerated evolution, that has since become stunted for the last several thousand years.\\\\\"\\\\n\\\\nHane: \\\\\"Could this unusual biology make\"}', '{\"text\":\"them a threat to us?\\\\\"\\\\n\\\\nGada: \\\\\"Not directly, no.\\\\\"\\\\n\\\\nHane: \\\\\"Why is that?\\\\\"\\\\n\\\\nGada: \\\\\"They have a violent, physical aversion to water.\\\\\"\\\\n\\\\nHane: \\\\\"Let the record show that King Drizen has visibly\"}', '{\"text\":\"shifted in the water, and that the spectating Guardians let out a bubble of astonishment.\\\\\"\\\\n\\\\nSyx: \\\\\"So noted.\\\\\"\\\\n\\\\nHane: \\\\\"No further questions, your Elder.\\\\\"\\\\n\\\\nSyx: \\\\\"Your witness, your majesty.\\\\\"\"}'], title: \"Buried Histories Vol. V\", author: \"Unknown\"}"
            }
          ]
        },
        {
          "type": "minecraft:item",
          "weight": 2,
          "name": "minecraft:written_book",
          "functions": [
            {
              "function": "minecraft:set_nbt",
              "tag": "{generation: 3, pages: ['{\"text\":\"Drizen: \\\\\"Guardian Gada, how extensive would you say our kingdom\\'s historical record is?\\\\\"\\\\n\\\\nGada: \\\\\"I would describe it as fairly encompassing and highly accurate.\\\\\"\\\\n\\\\nDrizen: \\\\\"And yet you say that we as Guardians have\"}', '{\"text\":\"no written record of the Ender peoples\\' aid in the construction of our towers?\\\\\"\\\\n\\\\nGada: \\\\\"Correct. We know this to be true from their oral history--\\\\\"\\\\n\\\\nDrizen: \\\\\"But is it not possible that they could be lying, or misrepresenting\"}', '{\"text\":\"those ancient events? They were a long time ago, and oral history is not as sound as written record.\\\\\"\\\\n\\\\nGada: \\\\\"Both truth and lies are possible, however our history is incomplete. There is no significant record of the actual construction of the towers,\"}', '{\"text\":\"merely when it occured. We simply don\\'t recall how such a feat was achieved.\\\\\"\\\\n\\\\nDrizen: \\\\\"But our ancestors could have done so themselves, without alien intervention?\\\\\"\\\\n\\\\nGada: \\\\\"I am not an architect.\\\\\"\"}', '{\"text\":\"Drizen: \\\\\"In your opinion as an anthropologist?\\\\\"\\\\n\\\\nGada: \\\\\"...Anthropology often underestimates the skills and knowledge of ancient peoples and civilizations.\\\\\"\\\\n\\\\nDrizen: \\\\\"Indeed. Moving on, you suggest that the Ender people may\"}', '{\"text\":\"not be able to directly harm us, as a result of ther biological aversion to water. However, they are intelligent enough to flee from a tyrant, gain the power to teleport, and communicate with an entirely distinct species of another world. Is this correct?\\\\\"\"}', '{\"text\":\"Gada: \\\\\"Yes.\\\\\"\\\\n\\\\nDrizen: \\\\\"So it is possible that the Ender people could be intelligent enough to, like us, understand the delicate balance between land and sea in the Buried Ocean, and that they could understand that their exploitation of one\"}', '{\"text\":\"might damage the other?\\\\\"\\\\n\\\\nGada: \\\\\"It is possible, but their culture suggests--\\\\\"\\\\n\\\\nGada: \\\\\"Putting aside whether they currently do or do not know the effects of their actions on the land might affect the sea,\"}', '{\"text\":\"is it possible that, whether by intent or ignorance, their warping of the Mystic Roughs could harm the aquatic ecosystem? We have all seen the purple water, after all.\\\\\"\\\\n\\\\nGada: \\\\\"We would know if this were the case.\\\\\"\\\\n\\\\nDrizen: \\\\\"In the\"}', '{\"text\":\"charges brought against me, it was suggested that the effects of my countersteps against the Ender people could have effects that would not be fully understood even by us for generations. Could this not also be true for their actions?\\\\\"\"}', '{\"text\":\"Gada: \\\\\"It could be, yes.\\\\\"\\\\n\\\\nDrizen: \\\\\"So it is then possible, to summarize, that the Ender people could be damaging the sanctity of the Buried Ocean, either willfully or in ignorance, and that the effects may not be immediately understood, but that in time, an Elder\"}', '{\"text\":\"Guardian, such as a King, could determine that these actions have or would become a threat if they continued. Is this hypothetical accurate?\\\\\"\\\\n\\\\nGada: \\\\\"As merely a hypothetical, yes.\\\\\"\\\\n\\\\nDrizen: \\\\\"No further questions.\\\\\"\"}'], title: \"Buried Histories Vol. VI\", author: \"Unknown\"}"
            }
          ]
        }
      ]
    },
    {
      "rolls": {
        "type": "minecraft:uniform",
        "min": 15,
        "max": 20
      },
      "entries": [
        {
          "type": "minecraft:item",
          "weight": 2,
          "name": "minecraft:ancient_debris"
        },
        {
          "type": "minecraft:item",
          "weight": 15,
          "name": "minecraft:dark_prismarine"
        },
        {
          "type": "minecraft:item",
          "weight": 11,
          "name": "minecraft:sea_lantern"
        },
        {
          "type": "minecraft:item",
          "weight": 10,
          "name": "minecraft:gold_ingot"
        },
        {
          "type": "minecraft:item",
          "weight": 7,
          "name": "minecraft:iron_ingot"
        },
        {
          "type": "minecraft:item",
          "weight": 4,
          "name": "minecraft:diamond"
        },
        {
          "type": "minecraft:item",
          "weight": 3,
          "name": "minecraft:emerald"
        },
        {
          "type": "minecraft:alternatives",
          "children": [
            {
              "type": "minecraft:item",
              "weight": 4,
              "name": "minecraft:potion",
              "functions": [
                {
                  "function": "minecraft:set_nbt",
                  "tag": "{Potion: \"minecraft:long_night_vision\"}"
                }
              ],
              "conditions": [
                {
                  "condition": "minecraft:random_chance",
                  "chance": 0.5
                }
			  ]
            },
            {
              "type": "minecraft:item",
              "weight": 4,
              "name": "minecraft:potion",
              "functions": [
                {
                  "function": "minecraft:set_nbt",
                  "tag": "{Potion: \"minecraft:long_night_vision\"}"
                }
              ],
              "conditions": [
                {
                  "condition": "minecraft:random_chance",
                  "chance": 0.5
                }
			  ]
            }
          ]
        },
        {
          "type": "minecraft:item",
          "weight": 2,
          "name": "minecraft:trident"
        },
        {
          "type": "minecraft:item",
          "weight": 3,
          "name": "minecraft:book",
          "functions": [
            {
              "function": "minecraft:enchant_randomly",
              "enchantments": [
                "minecraft:depth_strider",
                "minecraft:protection",
                "minecraft:projectile_protection",
                "minecraft:feather_falling",
                "minecraft:respiration",
                "minecraft:aqua_affinity",
                "minecraft:thorns",
                "minecraft:depth_strider",
                "minecraft:frost_walker",
                "minecraft:binding_curse",
                "minecraft:smite",
                "minecraft:bane_of_arthropods",
                "minecraft:looting",
                "minecraft:efficiency",
                "minecraft:silk_touch",
                "minecraft:fortune",
                "minecraft:infinity",
                "minecraft:luck_of_the_sea",
                "minecraft:lure",
                "minecraft:loyalty",
                "minecraft:riptide",
                "minecraft:channeling",
                "minecraft:mending",
                "minecraft:vanishing_curse"
              ]
            }
          ]
        }
      ]
    }
  ]
}