{
  "type": "minecraft:chest",
  "pools": [
    {
      "rolls": 1,
      "entries": [
        {
          "type": "minecraft:item",
          "weight": 4,
          "name": "minecraft:written_book",
          "functions": [
            {
              "function": "minecraft:set_nbt",
              "tag": "{generation: 3, pages: ['{\"text\":\"Guardian Hane: \\\\\"King Drizen has ruled over the Guardians of the Buried Ocean as a good natured if brazen Elder for many years. However, as this court well knows, this demeanor changed abruptly with his sudden declaration of war against the land-dwelling\"}', '{\"text\":\"Ender people of the Mystic Roughs, whose quiet civilization predates even our aquatic kingdom. He mounted unecessary defenses in the form of a great barrier between our home waters and the rest of the Buried Ocean, polluted countless land masses\"}', '{\"text\":\"and islets in an effort to extinguish Ender-life upon them--an act of genocide--which then resulted in the infection of our waters and the rise of the zombie menace. His actions, made single-handedly and without remorse, have put the Guardians of this kingdom in grave\"}', '{\"text\":\"danger, created a rift between our great civilization and our humble neighbors that will corrupt our relations for years to come, and altered the seascape in ways the effects of which will not be fully understood for generations, threatening our way of life.\"}', '{\"text\":\"He must be punished for this.\\\\\"\"}'], title: \"Buried Histories Vol. II\", author: \"Unknown\"}"
            }
          ]
        },
        {
          "type": "minecraft:item",
          "weight": 2,
          "name": "minecraft:written_book",
          "functions": [
            {
              "function": "minecraft:set_nbt",
              "tag": "{generation: 3, pages: ['{\"text\":\"Syx: \\\\\"The court will now hear the opening statements of King Drizen, representing himself. Your Majesty.\\\\\"\\\\n\\\\nDrizen: \\\\\"My efforts to resolve our plight with the Ender people peacefully and diplomatically were met with silence, blank stares, and overall\"}', '{\"text\":\"betrayal of the compassion our kingdom has shown them since our establishment. The land-dwellers of the Mystic Roughs are older than us, perhaps, but they are not indigenous to these waters--they are invaders from another world, and over time it became\"}', '{\"text\":\"clear to me that their intent was to transform all they could touch, to warp it to their whims and desires. I offered them peaceful egress from the Buried Ocean, but they refused. Claiming right of asylum, like refugees, as though they had not dwelled here without threat,\"}', '{\"text\":\"without respect for the seas of our home, for millenia. There was no choice but to choke them out. Although we are not a land-dwelling people, their affectation of the land would only become a danger to the ocean in time. Even without direct contact with our domain, the relationship between\"}', '{\"text\":\"the water and what rests overhead and above is well-known. What harms one would harm the other. But we are more attuned to this symbiosis than any other. I knew the risks and the effects of my actions and those actions I ordered upon those lands. With or without my rule,\"}', '{\"text\":\"there is no argument that the Ender people cannot remain here.\\\\\"\"}'], title: \"Buried Histories Vol. III\", author: \"Unknown\"}"
            }
          ]
        }
      ]
    },
    {
      "rolls": {
        "type": "minecraft:uniform",
        "min": 12,
        "max": 18
      },
      "entries": [
        {
          "type": "minecraft:item",
          "weight": 1,
          "name": "minecraft:ancient_debris"
        },
        {
          "type": "minecraft:item",
          "weight": 15,
          "name": "minecraft:prismarine"
        },
        {
          "type": "minecraft:item",
          "weight": 11,
          "name": "minecraft:sea_lantern"
        },
        {
          "type": "minecraft:item",
          "weight": 10,
          "name": "minecraft:dark_prismarine"
        },
        {
          "type": "minecraft:item",
          "weight": 7,
          "name": "minecraft:prismarine_shard"
        },
        {
          "type": "minecraft:item",
          "weight": 4,
          "name": "minecraft:diamond"
        },
        {
          "type": "minecraft:item",
          "weight": 3,
          "name": "minecraft:emerald"
        },
        {
          "type": "minecraft:alternatives",
          "children": [
            {
              "type": "minecraft:item",
              "weight": 8,
              "name": "minecraft:potion",
              "functions": [
                {
                  "function": "minecraft:set_nbt",
                  "tag": "{Potion: \"minecraft:long_night_vision\"}"
                }
              ],
              "conditions": [
                {
                  "condition": "minecraft:random_chance",
                  "chance": 0.5
                }
			  ]
            },
            {
              "type": "minecraft:item",
              "weight": 8,
              "name": "minecraft:potion",
              "functions": [
                {
                  "function": "minecraft:set_nbt",
                  "tag": "{Potion: \"minecraft:long_night_vision\"}"
                }
              ],
              "conditions": [
                {
                  "condition": "minecraft:random_chance",
                  "chance": 0.5
                }
			  ]
            }
          ]
        },
        {
          "type": "minecraft:item",
          "weight": 6,
          "name": "minecraft:wet_sponge"
        },
        {
          "type": "minecraft:item",
          "weight": 3,
          "name": "minecraft:book",
          "functions": [
            {
              "function": "minecraft:enchant_randomly",
              "enchantments": [
                "minecraft:depth_strider",
                "minecraft:protection",
                "minecraft:projectile_protection",
                "minecraft:feather_falling",
                "minecraft:respiration",
                "minecraft:aqua_affinity",
                "minecraft:thorns",
                "minecraft:depth_strider",
                "minecraft:frost_walker",
                "minecraft:binding_curse",
                "minecraft:smite",
                "minecraft:bane_of_arthropods",
                "minecraft:looting",
                "minecraft:efficiency",
                "minecraft:silk_touch",
                "minecraft:fortune",
                "minecraft:infinity",
                "minecraft:luck_of_the_sea",
                "minecraft:lure",
                "minecraft:loyalty",
                "minecraft:riptide",
                "minecraft:channeling",
                "minecraft:mending",
                "minecraft:vanishing_curse"
              ]
            }
          ]
        }
      ]
    }
  ]
}