{
  "type": "minecraft:chest",
  "pools": [
    {
      "rolls": 1,
      "entries": [
        {
          "type": "minecraft:item",
          "weight": 4,
          "name": "minecraft:written_book",
          "functions": [
            {
              "function": "minecraft:set_nbt",
              "tag": "{generation: 3, pages: ['{\"text\":\"Elder Judge Syx: \\\\\"In the trial of King Drizen the Elder v. The Guardians of the Buried Ocean, I call this assembly at the Great Tower to order.\\\\\"\\\\n\\\\nSyx: \\\\\"Your majesty, you are charged with the crime of endangering your subjects, pollution,\"}', '{\"text\":\"and war crimes including military negligence. How do you plea?\\\\\"\\\\n\\\\nKing Drizen: \\\\\"Not guilty, your Elder.\\\\\"\\\\n\\\\nSyx: \\\\\"This court will now hear opening remarks from the prosecution, represented by Guardian Hane. The\"}', '{\"text\":\"water is yours.\\\\\"\"}'], title: \"Buried Histories Vol. I\", author: \"Unknown\"}"
            }
          ]
        },
        {
          "type": "minecraft:item",
          "weight": 3,
          "name": "minecraft:written_book",
          "functions": [
            {
              "function": "minecraft:set_nbt",
              "tag": "{generation: 3, pages: ['{\"text\":\"Syx: \\\\\"Thank you, your majesty. We will proceed with the first witness, Guardian Gada. Please rise and swim before me. Guardian Hane will take the first examination. Baliff?\\\\\"\\\\n\\\\nBaliff: \\\\\"Guardian Gada, do you swear upon the great lanterns above to speak\"}', '{\"text\":\"honestly, without bias or ill intent, at peril of banishment?\\\\\"\\\\n\\\\nGuardian Gada: \\\\\"I swear it.\\\\\"\\\\n\\\\nBaliff: \\\\\"Guardian Hane may proceed.\\\\\"\"}'], title: \"Buried Histories Vol. IV\", author: \"Unknown\"}"
            }
          ]
        }
      ]
    },
    {
      "rolls": {
        "type": "minecraft:uniform",
        "min": 8,
        "max": 12
      },
      "entries": [
        {
          "type": "minecraft:item",
          "weight": 3,
          "name": "minecraft:diamond"
        },
        {
          "type": "minecraft:item",
          "weight": 15,
          "name": "minecraft:prismarine_shard"
        },
        {
          "type": "minecraft:item",
          "weight": 11,
          "name": "minecraft:prismarine_crystals"
        },
        {
          "type": "minecraft:item",
          "weight": 10,
          "name": "minecraft:prismarine"
        },
        {
          "type": "minecraft:item",
          "weight": 7,
          "name": "minecraft:dark_prismarine"
        },
        {
          "type": "minecraft:item",
          "weight": 4,
          "name": "minecraft:emerald"
        },
        {
          "type": "minecraft:item",
          "weight": 5,
          "name": "minecraft:fishing_rod"
        },
        {
          "type": "minecraft:item",
          "weight": 4,
          "name": "minecraft:bucket"
        },
        {
          "type": "minecraft:item",
          "weight": 2,
          "name": "minecraft:wet_sponge"
        },
        {
          "type": "minecraft:item",
          "weight": 3,
          "name": "minecraft:book",
          "functions": [
            {
              "function": "minecraft:enchant_randomly",
              "enchantments": [
                "minecraft:depth_strider",
                "minecraft:protection",
                "minecraft:projectile_protection",
                "minecraft:feather_falling",
                "minecraft:respiration",
                "minecraft:aqua_affinity",
                "minecraft:thorns",
                "minecraft:depth_strider",
                "minecraft:frost_walker",
                "minecraft:binding_curse",
                "minecraft:smite",
                "minecraft:bane_of_arthropods",
                "minecraft:looting",
                "minecraft:efficiency",
                "minecraft:silk_touch",
                "minecraft:fortune",
                "minecraft:infinity",
                "minecraft:luck_of_the_sea",
                "minecraft:lure",
                "minecraft:loyalty",
                "minecraft:riptide",
                "minecraft:channeling",
                "minecraft:mending",
                "minecraft:vanishing_curse"
              ]
            }
          ]
        }
      ]
    }
  ]
}