{
  "type": "minecraft:chest",
  "pools": [
    {
      "rolls": {
        "type": "minecraft:uniform",
        "min": 15,
        "max": 20
      },
      "entries": [
        {
          "type": "minecraft:item",
          "weight": 3,
          "name": "minecraft:emerald"
        },
        {
          "type": "minecraft:item",
          "weight": 11,
          "name": "minecraft:dark_oak_log"
        },
        {
          "type": "minecraft:item",
          "weight": 7,
          "name": "minecraft:iron_axe"
        },
        {
          "type": "minecraft:item",
          "weight": 9,
          "name": "minecraft:dark_oak_planks"
        },
        {
          "type": "minecraft:item",
          "weight": 7,
          "name": "minecraft:arrow"
        },
        {
          "type": "minecraft:item",
          "weight": 8,
          "name": "minecraft:gunpowder"
        },
        {
          "type": "minecraft:item",
          "weight": 5,
          "name": "minecraft:crossbow"
        },
        {
          "type": "minecraft:item",
          "weight": 6,
          "name": "minecraft:tnt"
        },
        {
          "type": "minecraft:item",
          "weight": 12,
          "name": "minecraft:string"
        },
        {
          "type": "minecraft:item",
          "weight": 4,
          "name": "minecraft:book",
          "functions": [
            {
              "function": "minecraft:enchant_randomly",
              "enchantments": [
                "minecraft:depth_strider",
                "minecraft:protection",
                "minecraft:projectile_protection",
                "minecraft:feather_falling",
                "minecraft:aqua_affinity",
                "minecraft:thorns",
                "minecraft:binding_curse",
                "minecraft:bane_of_arthropods",
                "minecraft:looting",
                "minecraft:efficiency",
                "minecraft:fortune",
                "minecraft:infinity",
                "minecraft:luck_of_the_sea",
                "minecraft:lure",
                "minecraft:vanishing_curse"
              ]
            },
			{
              "function": "minecraft:enchant_randomly",
              "enchantments": [
                "minecraft:depth_strider",
                "minecraft:protection",
                "minecraft:projectile_protection",
                "minecraft:feather_falling",
                "minecraft:aqua_affinity",
                "minecraft:thorns",
                "minecraft:binding_curse",
                "minecraft:bane_of_arthropods",
                "minecraft:looting",
                "minecraft:efficiency",
                "minecraft:fortune",
                "minecraft:infinity",
                "minecraft:luck_of_the_sea",
                "minecraft:lure",
                "minecraft:vanishing_curse"
              ]
            }
          ]
        }
      ]
    }
  ]
}