{
  "type": "minecraft:chest",
  "pools": [
    {
      "rolls": {
        "type": "minecraft:uniform",
        "min": 15,
        "max": 20
      },
      "entries": [
        {
          "type": "minecraft:item",
          "weight": 3,
          "name": "minecraft:wither_rose"
        },
        {
          "type": "minecraft:item",
          "weight": 15,
          "name": "minecraft:cobbled_deepslate"
        },
        {
          "type": "minecraft:item",
          "weight": 11,
          "name": "minecraft:tinted_glass"
        },
        {
          "type": "minecraft:item",
          "weight": 10,
          "name": "minecraft:obsidian"
        },
        {
          "type": "minecraft:item",
          "weight": 7,
          "name": "minecraft:crying_obsidian"
        },
        {
          "type": "minecraft:item",
          "weight": 4,
          "name": "minecraft:emerald"
        },
        {
          "type": "minecraft:item",
          "weight": 5,
          "name": "minecraft:soul_sand"
        },
        {
          "type": "minecraft:item",
          "weight": 4,
          "name": "minecraft:experience_bottle"
        },
        {
          "type": "minecraft:item",
          "weight": 6,
          "name": "minecraft:glass_bottle"
        },
        {
          "type": "minecraft:item",
          "weight": 3,
          "name": "minecraft:book",
          "functions": [
            {
              "function": "minecraft:enchant_randomly",
              "enchantments": [
                "minecraft:depth_strider",
                "minecraft:protection",
                "minecraft:respiration",
                "minecraft:aqua_affinity",
                "minecraft:depth_strider",
                "minecraft:bane_of_arthropods",
                "minecraft:efficiency",
                "minecraft:silk_touch",
                "minecraft:loyalty",
                "minecraft:riptide",
                "minecraft:channeling",
                "minecraft:mending"
              ]
            }
          ]
        }
      ]
    }
  ]
}