{
  "type": "minecraft:chest",
  "pools": [
    {
      "rolls": {
        "type": "minecraft:uniform",
        "min": 15,
        "max": 24
      },
      "entries": [
        {
          "type": "minecraft:item",
          "weight": 1,
          "name": "minecraft:wither_skeleton_skull"
        },
        {
          "type": "minecraft:item",
          "weight": 4,
          "name": "minecraft:wither_rose"
        },
        {
          "type": "minecraft:item",
          "weight": 9,
          "name": "minecraft:experience_bottle"
        },
        {
          "type": "minecraft:item",
          "weight": 3,
          "name": "minecraft:trident"
        },
        {
          "type": "minecraft:item",
          "weight": 10,
          "name": "minecraft:blaze_rod"
        },
        {
          "type": "minecraft:item",
          "weight": 9,
          "name": "minecraft:ghast_tear"
        },
        {
          "type": "minecraft:item",
          "weight": 1,
          "name": "minecraft:totem_of_undying"
        },
        {
          "type": "minecraft:item",
          "weight": 6,
          "name": "minecraft:emerald"
        },
        {
          "type": "minecraft:item",
          "weight": 5,
          "name": "minecraft:book",
          "functions": [
            {
              "function": "minecraft:enchant_randomly",
              "enchantments": [
                "minecraft:depth_strider",
                "minecraft:respiration",
                "minecraft:aqua_affinity",
                "minecraft:frost_walker",
                "minecraft:smite",
                "minecraft:bane_of_arthropods",
                "minecraft:looting",
                "minecraft:efficiency",
                "minecraft:silk_touch",
                "minecraft:fortune",
                "minecraft:infinity",
                "minecraft:loyalty",
                "minecraft:riptide",
                "minecraft:channeling",
                "minecraft:mending"
              ]
            },
			{
              "function": "minecraft:enchant_randomly",
              "enchantments": [
                "minecraft:protection",
                "minecraft:projectile_protection",
                "minecraft:thorns",
                "minecraft:luck_of_the_sea",
                "minecraft:lure"
              ]
            },
			{
              "function": "minecraft:enchant_randomly",
              "enchantments": [
                "minecraft:binding_curse",
                "minecraft:vanishing_curse"
              ]
            }
          ]
        }
      ]
    }
  ]
}