{
  "type": "minecraft:chest",
  "pools": [
    {
      "rolls": {
        "min": 1.0,
        "max": 1.0,
        "type": "minecraft:uniform"
      },
      "entries": [
        {
          "type": "minecraft:item",
          "functions": [
            {
              "function": "minecraft:exploration_map",
              "decoration": "red_x",
			  "destination": "buried_treasure",
              "zoom": 1,
              "skip_existing_chunks": true
            }
          ],
          "name": "minecraft:map"
        }
      ]
    }
  ]
}