{
  "parent": "frostyflakes:recipes/root",
  "display": {
    "icon": {
      "item": "minecraft:furnace"
    },
    "title": "Castle Forge Crafting",
    "description": "G = Gold Ingot\nV = Anvil\nQ = Lava Bucket\nX = Glass Blocks\nS = Stone\nC = Campfire\nVx1  | Qx1 | Vx1\nXx8 | Gx6 | Xx8\nSx8  | Cx1 | Sx8",
    "frame": "task",
    "show_toast": false,
    "announce_to_chat": false,
    "hidden": false
  },
  "rewards": {
    "function": "frostyflakes:siteplanner/castleplanner/build_forge"
  },
  "criteria": {
    "open-dropper": {
      "trigger": "minecraft:item_used_on_block",
      "conditions": {
        "location": {
          "block": {
            "block": "dropper",
			"nbt":"{Items:[{Slot:0b,id:\"minecraft:anvil\",Count:1b},{Slot:1b,id:\"minecraft:lava_bucket\",Count:1b},{Slot:2b,id:\"minecraft:anvil\",Count:1b},{Slot:3b,id:\"minecraft:glass\",Count:8b},{Slot:4b,id:\"minecraft:gold_ingot\",Count:6b},{Slot:5b,id:\"minecraft:glass\",Count:8b},{Slot:6b,id:\"minecraft:stone\",Count:8b},{Slot:7b,id:\"minecraft:campfire\",Count:1b},{Slot:8b,id:\"minecraft:stone\",Count:8b}]}"
          }
        }
      }
    }
  }
}