{
  "parent": "frostyflakes:recipes/root",
  "display": {
    "icon": {
      "item": "minecraft:stone_brick_stairs"
    },
    "title": "Castle Archway Crafting",
    "description": "G = Gold Ingot\nA = Lantern\nS = Stone\nAx1  | Sx8 | Ax1\nSx4 | Gx6 | Sx4\nSx4  | Sx4 | Sx4",
    "frame": "task",
    "show_toast": false,
    "announce_to_chat": false,
    "hidden": false
  },
  "rewards": {
    "function": "frostyflakes:siteplanner/castleplanner/build_archway"
  },
  "criteria": {
    "open-dropper": {
      "trigger": "minecraft:item_used_on_block",
      "conditions": {
        "location": {
          "block": {
            "block": "dropper",
			"nbt":"{Items:[{Slot:0b,id:\"minecraft:lantern\",Count:1b},{Slot:1b,id:\"minecraft:stone\",Count:8b},{Slot:2b,id:\"minecraft:lantern\",Count:1b},{Slot:3b,id:\"minecraft:stone\",Count:4b},{Slot:4b,id:\"minecraft:gold_ingot\",Count:6b},{Slot:5b,id:\"minecraft:stone\",Count:4b},{Slot:6b,id:\"minecraft:stone\",Count:4b},{Slot:7b,id:\"minecraft:stone\",Count:4b},{Slot:8b,id:\"minecraft:stone\",Count:4b}]}"
          }
        }
      }
    }
  }
}