{
  "parent": "frostyflakes:recipes/root",
  "display": {
    "icon": {
      "item": "minecraft:brewing_stand"
    },
    "title": "Castle Brewing Tower Crafting",
    "description": "G = Gold Ingot\nN = Glass Bottle\nI = Brewing Stand\nF = Nether Wart\nO = Cauldron\nS = Stone\nP = Black Wool\nNx3  | Ix1 | Fx6\nOx1 | Gx12 | Ox1\nSx16  | Px8 | Sx16",
    "frame": "task",
    "show_toast": false,
    "announce_to_chat": false,
    "hidden": false
  },
  "rewards": {
    "function": "frostyflakes:siteplanner/castleplanner/build_brewing_tower"
  },
  "criteria": {
    "open-dropper": {
      "trigger": "minecraft:item_used_on_block",
      "conditions": {
        "location": {
          "block": {
            "block": "dropper",
			"nbt":"{Items:[{Slot:0b,id:\"minecraft:glass_bottle\",Count:3b},{Slot:1b,id:\"minecraft:brewing_stand\",Count:1b},{Slot:2b,id:\"minecraft:nether_wart\",Count:6b},{Slot:3b,id:\"minecraft:cauldron\",Count:1b},{Slot:4b,id:\"minecraft:gold_ingot\",Count:12b},{Slot:5b,id:\"minecraft:cauldron\",Count:1b},{Slot:6b,id:\"minecraft:stone\",Count:16b},{Slot:7b,id:\"minecraft:black_wool\",Count:8b},{Slot:8b,id:\"minecraft:stone\",Count:16b}]}"
          }
        }
      }
    }
  }
}