{
  "parent": "frostyflakes:recipes/root",
  "display": {
    "icon": {
      "item": "minecraft:emerald"
    },
    "title": "Castle Market Crafting",
    "description": "G = Gold Ingot\nS = Stone\nE = Emerald\nL = Oak Logs\nW = White Bed\nSx4  | Ex4 | Sx4\nLx4 | Gx6 | Lx4\nSx8  | Wx1 | Sx8",
    "frame": "task",
    "show_toast": false,
    "announce_to_chat": false,
    "hidden": false
  },
  "rewards": {
    "function": "frostyflakes:siteplanner/castleplanner/build_market"
  },
  "criteria": {
    "open-dropper": {
      "trigger": "minecraft:item_used_on_block",
      "conditions": {
        "location": {
          "block": {
            "block": "dropper",
			"nbt":"{Items:[{Slot:0b,id:\"minecraft:stone\",Count:4b},{Slot:1b,id:\"minecraft:emerald\",Count:4b},{Slot:2b,id:\"minecraft:stone\",Count:4b},{Slot:3b,id:\"minecraft:oak_log\",Count:4b},{Slot:4b,id:\"minecraft:gold_ingot\",Count:6b},{Slot:5b,id:\"minecraft:oak_log\",Count:4b},{Slot:6b,id:\"minecraft:stone\",Count:8b},{Slot:7b,id:\"minecraft:white_bed\",Count:1b},{Slot:8b,id:\"minecraft:stone\",Count:8b}]}"
          }
        }
      }
    }
  }
}