{
  "parent": "frostyflakes:recipes/root",
  "display": {
    "icon": {
      "item": "minecraft:cake"
    },
    "title": "Castle Banquet Hall Crafting",
    "description": "G = Gold Ingot\nT = White Glass Panes\nA = Lantern\nY = Yellow Glass Panes\nR = Red Banner\nH = Cake\nS = Stone\nL = Oak Logs\nTx8  | Ax2 | Yx8\nRx1 | Gx6 | Hx1\nSx8  | Lx8 | Sx8",
    "frame": "task",
    "show_toast": false,
    "announce_to_chat": false,
    "hidden": false
  },
  "rewards": {
    "function": "frostyflakes:siteplanner/castleplanner/build_banquet_hall"
  },
  "criteria": {
    "open-dropper": {
      "trigger": "minecraft:item_used_on_block",
      "conditions": {
        "location": {
          "block": {
            "block": "dropper",
			"nbt":"{Items:[{Slot:0b,id:\"minecraft:white_stained_glass_pane\",Count:8b},{Slot:1b,id:\"minecraft:lantern\",Count:2b},{Slot:2b,id:\"minecraft:yellow_stained_glass_pane\",Count:8b},{Slot:3b,id:\"minecraft:red_banner\",Count:1b},{Slot:4b,id:\"minecraft:gold_ingot\",Count:6b},{Slot:5b,id:\"minecraft:cake\",Count:1b},{Slot:6b,id:\"minecraft:stone\",Count:8b},{Slot:7b,id:\"minecraft:oak_log\",Count:8b},{Slot:8b,id:\"minecraft:stone\",Count:8b}]}"
          }
        }
      }
    }
  }
}