{
  "parent": "frostyflakes:recipes/root",
  "display": {
    "icon": {
      "item": "minecraft:stone_bricks"
    },
    "title": "Castle Stone Courtyard Crafting",
    "description": "G = Gold Ingot\nA = Lantern\nL = Oak Logs\nS = Stone\nAx1  | Lx2 | Ax1\nSx2 | Gx6 | Sx2\nSx2  | Sx2 | Sx2",
    "frame": "task",
    "show_toast": false,
    "announce_to_chat": false,
    "hidden": false
  },
  "rewards": {
    "function": "frostyflakes:siteplanner/castleplanner/build_stone_courtyard"
  },
  "criteria": {
    "open-dropper": {
      "trigger": "minecraft:item_used_on_block",
      "conditions": {
        "location": {
          "block": {
            "block": "dropper",
			"nbt":"{Items:[{Slot:0b,id:\"minecraft:lantern\",Count:1b},{Slot:1b,id:\"minecraft:oak_log\",Count:2b},{Slot:2b,id:\"minecraft:lantern\",Count:1b},{Slot:3b,id:\"minecraft:stone\",Count:2b},{Slot:4b,id:\"minecraft:gold_ingot\",Count:6b},{Slot:5b,id:\"minecraft:stone\",Count:2b},{Slot:6b,id:\"minecraft:stone\",Count:2b},{Slot:7b,id:\"minecraft:stone\",Count:2b},{Slot:8b,id:\"minecraft:stone\",Count:2b}]}"
          }
        }
      }
    }
  }
}