{
  "parent": "frostyflakes:recipes/root",
  "display": {
    "icon": {
      "item": "minecraft:smoker"
    },
    "title": "Castle Kitchen Crafting",
    "description": "G = Gold Ingot\nK = Brick Block\nJ = Smoker\nO = Cauldron\nS = Stone\nC = Campfire\nKx8  | Jx2 | Ox1\nSx8 | Gx6 | Sx8\nSx8  | Cx1 | Sx8",
    "frame": "task",
    "show_toast": false,
    "announce_to_chat": false,
    "hidden": false
  },
  "rewards": {
    "function": "frostyflakes:siteplanner/castleplanner/build_kitchen"
  },
  "criteria": {
    "open-dropper": {
      "trigger": "minecraft:item_used_on_block",
      "conditions": {
        "location": {
          "block": {
            "block": "dropper",
			"nbt":"{Items:[{Slot:0b,id:\"minecraft:bricks\",Count:8b},{Slot:1b,id:\"minecraft:smoker\",Count:2b},{Slot:2b,id:\"minecraft:cauldron\",Count:1b},{Slot:3b,id:\"minecraft:stone\",Count:8b},{Slot:4b,id:\"minecraft:gold_ingot\",Count:6b},{Slot:5b,id:\"minecraft:stone\",Count:8b},{Slot:6b,id:\"minecraft:stone\",Count:8b},{Slot:7b,id:\"minecraft:campfire\",Count:1b},{Slot:8b,id:\"minecraft:stone\",Count:8b}]}"
          }
        }
      }
    }
  }
}