{
  "parent": "frostyflakes:recipes/root",
  "display": {
    "icon": {
      "item": "minecraft:white_bed"
    },
    "title": "Castle Suite Crafting",
    "description": "G = Gold Ingot\nW = White Bed\nA = Lantern\nD = Chest\nL = Oak Logs\nK = Brick Blocks\nS = Stone\nZ = Polished Diorite\nWx1  | Ax4 | Dx4\nLx16 | Gx6 | Kx8\nSx8  | Zx8 | Sx8",
    "frame": "task",
    "show_toast": false,
    "announce_to_chat": false,
    "hidden": false
  },
  "rewards": {
    "function": "frostyflakes:siteplanner/castleplanner/build_suite"
  },
  "criteria": {
    "open-dropper": {
      "trigger": "minecraft:item_used_on_block",
      "conditions": {
        "location": {
          "block": {
            "block": "dropper",
			"nbt":"{Items:[{Slot:0b,id:\"minecraft:white_bed\",Count:1b},{Slot:1b,id:\"minecraft:lantern\",Count:4b},{Slot:2b,id:\"minecraft:chest\",Count:4b},{Slot:3b,id:\"minecraft:oak_log\",Count:16b},{Slot:4b,id:\"minecraft:gold_ingot\",Count:6b},{Slot:5b,id:\"minecraft:bricks\",Count:8b},{Slot:6b,id:\"minecraft:stone\",Count:8b},{Slot:7b,id:\"minecraft:polished_diorite\",Count:8b},{Slot:8b,id:\"minecraft:stone\",Count:8b}]}"
          }
        }
      }
    }
  }
}