{
  "parent": "frostyflakes:recipes/root",
  "display": {
    "icon": {
      "item": "minecraft:chest"
    },
    "title": "Castle Storage Room Crafting",
    "description": "G = Gold Ingot\nD = Chest\nB = Barrel\nS = Stone\nL = Oak Logs\nDx4  | Bx4 | Dx4\nSx8 | Gx6 | Sx8\nSx8  | Lx16 | Sx8",
    "frame": "task",
    "show_toast": false,
    "announce_to_chat": false,
    "hidden": false
  },
  "rewards": {
    "function": "frostyflakes:siteplanner/castleplanner/build_storage_room"
  },
  "criteria": {
    "open-dropper": {
      "trigger": "minecraft:item_used_on_block",
      "conditions": {
        "location": {
          "block": {
            "block": "dropper",
			"nbt":"{Items:[{Slot:0b,id:\"minecraft:chest\",Count:4b},{Slot:1b,id:\"minecraft:barrel\",Count:4b},{Slot:2b,id:\"minecraft:chest\",Count:4b},{Slot:3b,id:\"minecraft:stone\",Count:8b},{Slot:4b,id:\"minecraft:gold_ingot\",Count:6b},{Slot:5b,id:\"minecraft:stone\",Count:8b},{Slot:6b,id:\"minecraft:stone\",Count:8b},{Slot:7b,id:\"minecraft:oak_log\",Count:16b},{Slot:8b,id:\"minecraft:stone\",Count:8b}]}"
          }
        }
      }
    }
  }
}