{
  "parent": "frostyflakes:recipes/root",
  "display": {
    "icon": {
      "item": "minecraft:glass"
    },
    "title": "Castle Atrium Crafting",
    "description": "G = Gold Ingot\nX = Glass Block\nU = Oak Sapling\nS = Stone\nM = Water Bucket\nXx16  | Ux1 | Xx16\nXx16 | Gx6 | Xx16\nSx4  | Mx1 | Sx4",
    "frame": "task",
    "show_toast": false,
    "announce_to_chat": false,
    "hidden": false
  },
  "rewards": {
    "function": "frostyflakes:siteplanner/castleplanner/build_atrium"
  },
  "criteria": {
    "open-dropper": {
      "trigger": "minecraft:item_used_on_block",
      "conditions": {
        "location": {
          "block": {
            "block": "dropper",
			"nbt":"{Items:[{Slot:0b,id:\"minecraft:glass\",Count:16b},{Slot:1b,id:\"minecraft:oak_sapling\",Count:1b},{Slot:2b,id:\"minecraft:glass\",Count:16b},{Slot:3b,id:\"minecraft:glass\",Count:16b},{Slot:4b,id:\"minecraft:gold_ingot\",Count:6b},{Slot:5b,id:\"minecraft:glass\",Count:16b},{Slot:6b,id:\"minecraft:stone\",Count:4b},{Slot:7b,id:\"minecraft:water_bucket\",Count:1b},{Slot:8b,id:\"minecraft:stone\",Count:4b}]}"
          }
        }
      }
    }
  }
}