{
  "type": "minecraft:command",
  "pools": [
    {
      "rolls": 12,
      "entries": [
        {
          "type": "minecraft:group",
          "children": [
            {
              "type": "minecraft:item",
              "weight": 10,
              "name": "minecraft:dark_prismarine"
            },
            {
              "type": "minecraft:item",
              "weight": 10,
              "name": "minecraft:prismarine_shard"
            },
            {
              "type": "minecraft:item",
              "weight": 10,
              "name": "minecraft:wet_sponge"
            },
            {
              "type": "minecraft:item",
              "weight": 6,
              "name": "minecraft:nautilus_shell"
            },
            {
              "type": "minecraft:item",
              "weight": 4,
              "name": "minecraft:emerald"
            },
            {
              "type": "minecraft:item",
              "weight": 1,
              "name": "minecraft:ancient_debris"
            }
          ],
          "conditions": [
            {
              "condition": "minecraft:location_check",
              "predicate": {
                "biome": "nitdim:buried_ocean/ancient_sea"
              }
            }
          ]
        },
        {
          "type": "minecraft:group",
          "children": [
            {
              "type": "minecraft:item",
              "weight": 10,
              "name": "minecraft:dark_prismarine"
            },
            {
              "type": "minecraft:item",
              "weight": 10,
              "name": "minecraft:prismarine_shard"
            },
            {
              "type": "minecraft:item",
              "weight": 10,
              "name": "minecraft:wet_sponge"
            },
            {
              "type": "minecraft:item",
              "weight": 6,
              "name": "minecraft:nautilus_shell"
            },
            {
              "type": "minecraft:item",
              "weight": 4,
              "name": "minecraft:emerald"
            },
            {
              "type": "minecraft:item",
              "weight": 1,
              "name": "minecraft:diamond"
            }
          ],
          "conditions": [
            {
              "condition": "minecraft:location_check",
              "predicate": {
                "biome": "nitdim:buried_ocean/ancient_sea_edge"
              }
            }
          ]
        },
        {
          "type": "minecraft:group",
          "children": [
            {
              "type": "minecraft:item",
              "weight": 10,
              "name": "minecraft:sand"
            },
            {
              "type": "minecraft:item",
              "weight": 10,
              "name": "minecraft:blackstone"
            },
            {
              "type": "minecraft:item",
              "weight": 10,
              "name": "minecraft:clay_ball"
            },
            {
              "type": "minecraft:item",
              "weight": 6,
              "name": "minecraft:cod"
            },
            {
              "type": "minecraft:item",
              "weight": 4,
              "name": "minecraft:ink_sac"
            },
            {
              "type": "minecraft:item",
              "weight": 1,
              "name": "minecraft:obsidian"
            }
          ],
          "conditions": [
            {
              "condition": "minecraft:location_check",
              "predicate": {
                "biome": "nitdim:buried_ocean/continental_shelf"
              }
            }
          ]
        },
        {
          "type": "minecraft:group",
          "children": [
            {
              "type": "minecraft:item",
              "weight": 10,
              "name": "minecraft:sand"
            },
            {
              "type": "minecraft:item",
              "weight": 10,
              "name": "minecraft:blackstone"
            },
            {
              "type": "minecraft:item",
              "weight": 10,
              "name": "minecraft:clay_ball"
            },
            {
              "type": "minecraft:item",
              "weight": 6,
              "name": "minecraft:cod"
            },
            {
              "type": "minecraft:item",
              "weight": 4,
              "name": "minecraft:pufferfish"
            },
            {
              "type": "minecraft:item",
              "weight": 1,
              "name": "minecraft:obsidian"
            }
          ],
          "conditions": [
            {
              "condition": "minecraft:location_check",
              "predicate": {
                "biome": "nitdim:buried_ocean/sandbar"
              }
            }
          ]
        },
        {
          "type": "minecraft:group",
          "children": [
            {
              "type": "minecraft:item",
              "weight": 10,
              "name": "minecraft:gravel"
            },
            {
              "type": "minecraft:item",
              "weight": 10,
              "name": "minecraft:blackstone"
            },
            {
              "type": "minecraft:item",
              "weight": 10,
              "name": "minecraft:cobweb"
            },
            {
              "type": "minecraft:item",
              "weight": 6,
              "name": "minecraft:cod"
            },
            {
              "type": "minecraft:item",
              "weight": 4,
              "name": "minecraft:glow_ink_sac"
            },
            {
              "type": "minecraft:item",
              "weight": 1,
              "name": "minecraft:book",
              "functions": [
                {
                  "function": "minecraft:enchant_randomly",
                  "enchantments": [
                    "minecraft:sweeping",
                    "minecraft:bane_of_arthropods"
                  ]
                }
              ]
            }
          ],
          "conditions": [
            {
              "condition": "minecraft:location_check",
              "predicate": {
                "biome": "nitdim:buried_ocean/crawling_caverns"
              }
            }
          ]
        },
        {
          "type": "minecraft:group",
          "children": [
            {
              "type": "minecraft:item",
              "weight": 10,
              "name": "minecraft:sand"
            },
            {
              "type": "minecraft:item",
              "weight": 10,
              "name": "minecraft:blackstone"
            },
            {
              "type": "minecraft:item",
              "weight": 10,
              "name": "minecraft:cod"
            },
            {
              "type": "minecraft:item",
              "weight": 6,
              "name": "minecraft:glow_ink_sac"
            },
            {
              "type": "minecraft:item",
              "weight": 4,
              "name": "minecraft:obsidian"
            },
            {
              "type": "minecraft:item",
              "weight": 1,
              "name": "minecraft:nautilus_shell"
            }
          ],
          "conditions": [
            {
              "condition": "minecraft:location_check",
              "predicate": {
                "biome": "nitdim:buried_ocean/dark_sea"
              }
            }
          ]
        },
        {
          "type": "minecraft:group",
          "children": [
            {
              "type": "minecraft:item",
              "weight": 10,
              "name": "minecraft:sand"
            },
            {
              "type": "minecraft:item",
              "weight": 10,
              "name": "minecraft:blackstone"
            },
            {
              "type": "minecraft:item",
              "weight": 10,
              "name": "minecraft:dripstone_block"
            },
            {
              "type": "minecraft:item",
              "weight": 6,
              "name": "minecraft:obsidian"
            },
            {
              "type": "minecraft:tag",
              "weight": 4,
              "name": "nitdim:deepslate_ores",
              "expand": true
            },
            {
              "type": "minecraft:item",
              "weight": 1,
              "name": "minecraft:nautilus_shell"
            }
          ],
          "conditions": [
            {
              "condition": "minecraft:location_check",
              "predicate": {
                "biome": "nitdim:buried_ocean/deep_dark_sea"
              }
            }
          ]
        },
        {
          "type": "minecraft:group",
          "children": [
            {
              "type": "minecraft:item",
              "weight": 10,
              "name": "minecraft:sand"
            },
            {
              "type": "minecraft:item",
              "weight": 10,
              "name": "minecraft:prismarine_bricks"
            },
            {
              "type": "minecraft:item",
              "weight": 10,
              "name": "minecraft:prismarine"
            },
            {
              "type": "minecraft:item",
              "weight": 6,
              "name": "minecraft:sea_lantern"
            },
            {
              "type": "minecraft:item",
              "weight": 4,
              "name": "minecraft:quartz_block"
            },
            {
              "type": "minecraft:item",
              "weight": 1,
              "name": "minecraft:tropical_fish"
            }
          ],
          "conditions": [
            {
              "condition": "minecraft:location_check",
              "predicate": {
                "biome": "nitdim:buried_ocean/pristine_sea"
              }
            }
          ]
        },
        {
          "type": "minecraft:group",
          "children": [
            {
              "type": "minecraft:item",
              "weight": 10,
              "name": "minecraft:sand"
            },
            {
              "type": "minecraft:item",
              "weight": 10,
              "name": "minecraft:clay"
            },
            {
              "type": "minecraft:item",
              "weight": 6,
              "name": "minecraft:red_mushroom"
            },
            {
              "type": "minecraft:item",
              "weight": 6,
              "name": "minecraft:brown_mushroom"
            },
            {
              "type": "minecraft:item",
              "weight": 4,
              "name": "minecraft:mycelium"
            },
            {
              "type": "minecraft:item",
              "weight": 1,
              "name": "minecraft:shroomlight"
            }
          ],
          "conditions": [
            {
              "condition": "minecraft:location_check",
              "predicate": {
                "biome": "nitdim:buried_ocean/mushroom_islets"
              }
            }
          ]
        },
        {
          "type": "minecraft:group",
          "children": [
            {
              "type": "minecraft:item",
              "weight": 10,
              "name": "minecraft:end_rod"
            },
            {
              "type": "minecraft:item",
              "weight": 10,
              "name": "minecraft:tropical_fish"
            },
            {
              "type": "minecraft:item",
              "weight": 6,
              "name": "minecraft:ender_pearl"
            },
            {
              "type": "minecraft:item",
              "weight": 6,
              "name": "minecraft:pufferfish"
            },
            {
              "type": "minecraft:item",
              "weight": 4,
              "name": "minecraft:emerald"
            },
            {
              "type": "minecraft:item",
              "weight": 1,
              "name": "minecraft:diamond"
            }
          ],
          "conditions": [
            {
              "condition": "minecraft:location_check",
              "predicate": {
                "biome": "nitdim:buried_ocean/mystic_shelf"
              }
            }
          ]
        },
        {
          "type": "minecraft:group",
          "children": [
            {
              "type": "minecraft:item",
              "weight": 10,
              "name": "minecraft:end_rod"
            },
            {
              "type": "minecraft:item",
              "weight": 10,
              "name": "minecraft:tropical_fish"
            },
            {
              "type": "minecraft:item",
              "weight": 6,
              "name": "minecraft:ender_pearl"
            },
            {
              "type": "minecraft:item",
              "weight": 6,
              "name": "minecraft:pufferfish"
            },
            {
              "type": "minecraft:item",
              "weight": 4,
              "name": "minecraft:emerald"
            },
            {
              "type": "minecraft:item",
              "weight": 1,
              "name": "minecraft:shulker_shell"
            }
          ],
          "conditions": [
            {
              "condition": "minecraft:location_check",
              "predicate": {
                "biome": "nitdim:buried_ocean/mystic_roughs"
              }
            }
          ]
        },
        {
          "type": "minecraft:group",
          "children": [
            {
              "type": "minecraft:item",
              "weight": 10,
              "name": "minecraft:azalea"
            },
            {
              "type": "minecraft:item",
              "weight": 10,
              "name": "minecraft:moss_block"
            },
            {
              "type": "minecraft:item",
              "weight": 10,
              "name": "minecraft:glow_berries"
            },
            {
              "type": "minecraft:item",
              "weight": 6,
              "name": "minecraft:flowering_azalea"
            },
            {
              "type": "minecraft:item",
              "weight": 4,
              "name": "minecraft:rooted_dirt"
            },
            {
              "type": "minecraft:item",
              "weight": 1,
              "name": "minecraft:emerald"
            }
          ],
          "conditions": [
            {
              "condition": "minecraft:location_check",
              "predicate": {
                "biome": "nitdim:buried_ocean/verdant_grove"
              }
            }
          ]
        }
      ]
    }
  ]
}