{
  "type": "minecraft:command",
  "pools": [
    {
      "rolls": 1,
      "entries": [
        {
          "type": "minecraft:group",
          "children": [
            {
              "type": "minecraft:item",
              "weight": 1,
              "name": "minecraft:sand"
            },
            {
              "type": "minecraft:item",
              "weight": 1,
              "name": "minecraft:scute"
            },
            {
              "type": "minecraft:item",
              "weight": 1,
              "name": "minecraft:clay_ball"
            },
            {
              "type": "minecraft:item",
              "weight": 1,
              "name": "minecraft:nautilus_shell"
            }
          ],
          "conditions": [
            {
              "condition": "minecraft:location_check",
              "predicate": {
                "biome": "terralith:alpha_islands_beach"
              }
            }
          ]
        },
        {
          "type": "minecraft:group",
          "children": [
            {
              "type": "minecraft:item",
              "weight": 1,
              "name": "minecraft:porkchop"
            },
            {
              "type": "minecraft:item",
              "weight": 1,
              "name": "minecraft:oak_log"
            },
            {
              "type": "minecraft:item",
              "weight": 1,
              "name": "minecraft:wheat_seeds"
            },
            {
              "type": "minecraft:item",
              "weight": 1,
              "name": "minecraft:oak_sapling"
            }
          ],
          "conditions": [
            {
              "condition": "minecraft:location_check",
              "predicate": {
                "biome": "terralith:alpha_islands"
              }
            }
          ]
        },
        {
          "type": "minecraft:group",
          "children": [
            {
              "type": "minecraft:item",
              "weight": 1,
              "name": "minecraft:acacia_log"
            },
            {
              "type": "minecraft:item",
              "weight": 1,
              "name": "minecraft:amethyst_shard"
            },
            {
              "type": "minecraft:item",
              "weight": 1,
              "name": "minecraft:vine"
            },
            {
              "type": "minecraft:item",
              "weight": 1,
              "name": "minecraft:calcite"
            }
          ],
          "conditions": [
            {
              "condition": "minecraft:location_check",
              "predicate": {
                "biome": "terralith:amethyst_rainforest"
              }
            }
          ]
        },
        {
          "type": "minecraft:group",
          "children": [
            {
              "type": "minecraft:item",
              "weight": 1,
              "name": "minecraft:acacia_log"
            },
            {
              "type": "minecraft:item",
              "weight": 1,
              "name": "minecraft:amethyst_shard"
            },
            {
              "type": "minecraft:item",
              "weight": 1,
              "name": "minecraft:vine"
            },
            {
              "type": "minecraft:item",
              "weight": 1,
              "name": "minecraft:calcite"
            }
          ],
          "conditions": [
            {
              "condition": "minecraft:location_check",
              "predicate": {
                "biome": "terralith:amethyst_rainforest_lowlands"
              }
            }
          ]
        },
        {
          "type": "minecraft:group",
          "children": [
            {
              "type": "minecraft:item",
              "weight": 1,
              "name": "minecraft:sand"
            },
            {
              "type": "minecraft:item",
              "weight": 1,
              "name": "minecraft:sandstone"
            },
            {
              "type": "minecraft:item",
              "weight": 1,
              "name": "minecraft:red_sand"
            },
            {
              "type": "minecraft:item",
              "weight": 1,
              "name": "minecraft:red_sandstone"
            }
          ],
          "conditions": [
            {
              "condition": "minecraft:location_check",
              "predicate": {
                "biome": "terralith:ancient_sands"
              }
            }
          ]
        },
        {
          "type": "minecraft:group",
          "children": [
            {
              "type": "minecraft:item",
              "weight": 1,
              "name": "minecraft:oak_log"
            },
            {
              "type": "minecraft:item",
              "weight": 1,
              "name": "minecraft:oak_sapling"
            },
            {
              "type": "minecraft:item",
              "weight": 1,
              "name": "minecraft:pumpkin"
            },
            {
              "type": "minecraft:item",
              "weight": 1,
              "name": "minecraft:spruce_sapling"
            }
          ],
          "conditions": [
            {
              "condition": "minecraft:location_check",
              "predicate": {
                "biome": "terralith:autumnal_forest_orange"
              }
            }
          ]
        },
        {
          "type": "minecraft:group",
          "children": [
            {
              "type": "minecraft:item",
              "weight": 1,
              "name": "minecraft:oak_log"
            },
            {
              "type": "minecraft:item",
              "weight": 1,
              "name": "minecraft:oak_sapling"
            },
            {
              "type": "minecraft:item",
              "weight": 1,
              "name": "minecraft:pumpkin"
            },
            {
              "type": "minecraft:item",
              "weight": 1,
              "name": "minecraft:spruce_sapling"
            }
          ],
          "conditions": [
            {
              "condition": "minecraft:location_check",
              "predicate": {
                "biome": "terralith:autumnal_forest_red"
              }
            }
          ]
        },
        {
          "type": "minecraft:group",
          "children": [
            {
              "type": "minecraft:item",
              "weight": 1,
              "name": "minecraft:oak_log"
            },
            {
              "type": "minecraft:item",
              "weight": 1,
              "name": "minecraft:oak_sapling"
            },
            {
              "type": "minecraft:item",
              "weight": 1,
              "name": "minecraft:pumpkin"
            },
            {
              "type": "minecraft:item",
              "weight": 1,
              "name": "minecraft:spruce_sapling"
            }
          ],
          "conditions": [
            {
              "condition": "minecraft:location_check",
              "predicate": {
                "biome": "terralith:autumnal_forest_yellow"
              }
            }
          ]
        },
        {
          "type": "minecraft:group",
          "children": [
            {
              "type": "minecraft:item",
              "weight": 1,
              "name": "minecraft:blackstone"
            },
            {
              "type": "minecraft:item",
              "weight": 1,
              "name": "minecraft:smooth_basalt"
            },
            {
              "type": "minecraft:item",
              "weight": 1,
              "name": "minecraft:coal"
            },
            {
              "type": "minecraft:item",
              "weight": 1,
              "name": "minecraft:seagrass"
            }
          ],
          "conditions": [
            {
              "condition": "minecraft:location_check",
              "predicate": {
                "biome": "terralith:black_beach"
              }
            }
          ]
        },
        {
          "type": "minecraft:group",
          "children": [
            {
              "type": "minecraft:item",
              "weight": 1,
              "name": "minecraft:spruce_log"
            },
            {
              "type": "minecraft:item",
              "weight": 1,
              "name": "minecraft:birch_log"
            },
            {
              "type": "minecraft:item",
              "weight": 1,
              "name": "minecraft:lily_of_the_valley"
            },
            {
              "type": "minecraft:item",
              "weight": 1,
              "name": "minecraft:oxeye_daisy"
            }
          ],
          "conditions": [
            {
              "condition": "minecraft:location_check",
              "predicate": {
                "biome": "terralith:cloud_forest"
              }
            }
          ]
        },
        {
          "type": "minecraft:group",
          "children": [
            {
              "type": "minecraft:item",
              "weight": 1,
              "name": "minecraft:spruce_log"
            },
            {
              "type": "minecraft:item",
              "weight": 1,
              "name": "minecraft:birch_log"
            },
            {
              "type": "minecraft:item",
              "weight": 1,
              "name": "minecraft:lily_of_the_valley"
            },
            {
              "type": "minecraft:item",
              "weight": 1,
              "name": "minecraft:oxeye_daisy"
            }
          ],
          "conditions": [
            {
              "condition": "minecraft:location_check",
              "predicate": {
                "biome": "terralith:cloud_forest_valley"
              }
            }
          ]
        },
        {
          "type": "minecraft:group",
          "children": [
            {
              "type": "minecraft:item",
              "weight": 1,
              "name": "minecraft:blackstone"
            },
            {
              "type": "minecraft:item",
              "weight": 1,
              "name": "minecraft:basalt"
            },
            {
              "type": "minecraft:item",
              "weight": 1,
              "name": "minecraft:jungle_log"
            },
            {
              "type": "minecraft:item",
              "weight": 1,
              "name": "minecraft:jungle_sapling"
            }
          ],
          "conditions": [
            {
              "condition": "minecraft:location_check",
              "predicate": {
                "biome": "terralith:coastal_jungle"
              }
            }
          ]
        },
        {
          "type": "minecraft:group",
          "children": [
            {
              "type": "minecraft:item",
              "weight": 1,
              "name": "minecraft:spruce_log"
            },
            {
              "type": "minecraft:item",
              "weight": 1,
              "name": "minecraft:snowball"
            },
            {
              "type": "minecraft:item",
              "weight": 1,
              "name": "minecraft:podzol"
            },
            {
              "type": "minecraft:item",
              "weight": 1,
              "name": "minecraft:brown_terracotta"
            }
          ],
          "conditions": [
            {
              "condition": "minecraft:location_check",
              "predicate": {
                "biome": "terralith:cold_shrubland"
              }
            }
          ]
        },
        {
          "type": "minecraft:group",
          "children": [
            {
              "type": "minecraft:item",
              "weight": 1,
              "name": "minecraft:oak_log"
            },
            {
              "type": "minecraft:item",
              "weight": 1,
              "name": "minecraft:vine"
            },
            {
              "type": "minecraft:item",
              "weight": 1,
              "name": "minecraft:podzol"
            },
            {
              "type": "minecraft:item",
              "weight": 1,
              "name": "minecraft:green_candle"
            }
          ],
          "conditions": [
            {
              "condition": "minecraft:location_check",
              "predicate": {
                "biome": "terralith:dark_swamp"
              }
            }
          ]
        },
        {
          "type": "minecraft:group",
          "children": [
            {
              "type": "minecraft:item",
              "weight": 1,
              "name": "minecraft:tuff"
            },
            {
              "type": "minecraft:item",
              "weight": 1,
              "name": "minecraft:stone"
            },
            {
              "type": "minecraft:item",
              "weight": 1,
              "name": "minecraft:emerald"
            },
            {
              "type": "minecraft:item",
              "weight": 1,
              "name": "minecraft:snow_block"
            }
          ],
          "conditions": [
            {
              "condition": "minecraft:location_check",
              "predicate": {
                "biome": "terralith:emerald_peaks"
              }
            }
          ]
        },
        {
          "type": "minecraft:group",
          "children": [
            {
              "type": "minecraft:item",
              "weight": 1,
              "name": "minecraft:gravel"
            },
            {
              "type": "minecraft:item",
              "weight": 1,
              "name": "minecraft:flint"
            },
            {
              "type": "minecraft:item",
              "weight": 1,
              "name": "minecraft:stone"
            },
            {
              "type": "minecraft:item",
              "weight": 1,
              "name": "minecraft:clay_ball"
            }
          ],
          "conditions": [
            {
              "condition": "minecraft:location_check",
              "predicate": {
                "biome": "terralith:gravel_beach"
              }
            }
          ]
        },
        {
          "type": "minecraft:group",
          "children": [
            {
              "type": "minecraft:item",
              "weight": 1,
              "name": "minecraft:gravel"
            },
            {
              "type": "minecraft:item",
              "weight": 1,
              "name": "minecraft:flint"
            },
            {
              "type": "minecraft:item",
              "weight": 1,
              "name": "minecraft:pointed_dripstone"
            },
            {
              "type": "minecraft:item",
              "weight": 1,
              "name": "minecraft:dripstone_block"
            }
          ],
          "conditions": [
            {
              "condition": "minecraft:location_check",
              "predicate": {
                "biome": "terralith:gravel_desert"
              }
            }
          ]
        },
        {
          "type": "minecraft:group",
          "children": [
            {
              "type": "minecraft:item",
              "weight": 1,
              "name": "minecraft:oak_log"
            },
            {
              "type": "minecraft:item",
              "weight": 1,
              "name": "minecraft:birch_log"
            },
            {
              "type": "minecraft:item",
              "weight": 1,
              "name": "minecraft:tuff"
            },
            {
              "type": "minecraft:item",
              "weight": 1,
              "name": "minecraft:cobbled_deepslate"
            }
          ],
          "conditions": [
            {
              "condition": "minecraft:location_check",
              "predicate": {
                "biome": "terralith:haze_mountain"
              }
            }
          ]
        },
        {
          "type": "minecraft:group",
          "children": [
            {
              "type": "minecraft:item",
              "weight": 1,
              "name": "minecraft:granite"
            },
            {
              "type": "minecraft:item",
              "weight": 1,
              "name": "minecraft:acacia_log"
            },
            {
              "type": "minecraft:item",
              "weight": 1,
              "name": "minecraft:acacia_sapling"
            },
            {
              "type": "minecraft:item",
              "weight": 1,
              "name": "minecraft:wheat_seeds"
            }
          ],
          "conditions": [
            {
              "condition": "minecraft:location_check",
              "predicate": {
                "biome": "terralith:hot_shrubland"
              }
            }
          ]
        },
        {
          "type": "minecraft:group",
          "children": [
            {
              "type": "minecraft:item",
              "weight": 1,
              "name": "minecraft:vine"
            },
            {
              "type": "minecraft:item",
              "weight": 1,
              "name": "minecraft:clay_ball"
            },
            {
              "type": "minecraft:item",
              "weight": 1,
              "name": "minecraft:oak_log"
            },
            {
              "type": "minecraft:item",
              "weight": 1,
              "name": "minecraft:ice"
            }
          ],
          "conditions": [
            {
              "condition": "minecraft:location_check",
              "predicate": {
                "biome": "terralith:ice_marsh"
              }
            }
          ]
        },
        {
          "type": "minecraft:group",
          "children": [
            {
              "type": "minecraft:item",
              "weight": 1,
              "name": "minecraft:granite"
            },
            {
              "type": "minecraft:item",
              "weight": 1,
              "name": "minecraft:jungle_log"
            },
            {
              "type": "minecraft:item",
              "weight": 1,
              "name": "minecraft:jungle_sapling"
            },
            {
              "type": "minecraft:item",
              "weight": 1,
              "name": "minecraft:ice"
            }
          ],
          "conditions": [
            {
              "condition": "minecraft:location_check",
              "predicate": {
                "biome": "terralith:jungle_mountains"
              }
            }
          ]
        },
        {
          "type": "minecraft:group",
          "children": [
            {
              "type": "minecraft:item",
              "weight": 1,
              "name": "minecraft:dark_oak_log"
            },
            {
              "type": "minecraft:item",
              "weight": 1,
              "name": "minecraft:birch_log"
            },
            {
              "type": "minecraft:item",
              "weight": 1,
              "name": "minecraft:allium"
            },
            {
              "type": "minecraft:tag",
              "weight": 1,
              "name": "minecraft:flowers",
              "expand": true
            }
          ],
          "conditions": [
            {
              "condition": "minecraft:location_check",
              "predicate": {
                "biome": "terralith:lavender_forest"
              }
            }
          ]
        },
        {
          "type": "minecraft:group",
          "children": [
            {
              "type": "minecraft:item",
              "weight": 1,
              "name": "minecraft:stone"
            },
            {
              "type": "minecraft:item",
              "weight": 1,
              "name": "minecraft:oak_log"
            },
            {
              "type": "minecraft:item",
              "weight": 1,
              "name": "minecraft:spruce_log"
            },
            {
              "type": "minecraft:item",
              "weight": 1,
              "name": "minecraft:wheat_seeds"
            }
          ],
          "conditions": [
            {
              "condition": "minecraft:location_check",
              "predicate": {
                "biome": "terralith:lush_canyon"
              }
            }
          ]
        },
        {
          "type": "minecraft:group",
          "children": [
            {
              "type": "minecraft:item",
              "weight": 1,
              "name": "minecraft:stone"
            },
            {
              "type": "minecraft:item",
              "weight": 1,
              "name": "minecraft:moss_block"
            },
            {
              "type": "minecraft:item",
              "weight": 1,
              "name": "minecraft:spruce_log"
            },
            {
              "type": "minecraft:item",
              "weight": 1,
              "name": "minecraft:azalea"
            }
          ],
          "conditions": [
            {
              "condition": "minecraft:location_check",
              "predicate": {
                "biome": "terralith:lush_mountains"
              }
            }
          ]
        },
        {
          "type": "minecraft:group",
          "children": [
            {
              "type": "minecraft:item",
              "weight": 1,
              "name": "minecraft:jungle_log"
            },
            {
              "type": "minecraft:item",
              "weight": 1,
              "name": "minecraft:rooted_dirt"
            },
            {
              "type": "minecraft:item",
              "weight": 1,
              "name": "minecraft:jungle_sapling"
            },
            {
              "type": "minecraft:item",
              "weight": 1,
              "name": "minecraft:moss_block"
            }
          ],
          "conditions": [
            {
              "condition": "minecraft:location_check",
              "predicate": {
                "biome": "terralith:mega_jungle"
              }
            }
          ]
        },
        {
          "type": "minecraft:group",
          "children": [
            {
              "type": "minecraft:item",
              "weight": 1,
              "name": "minecraft:dark_oak_log"
            },
            {
              "type": "minecraft:item",
              "weight": 1,
              "name": "minecraft:stripped_warped_stem"
            },
            {
              "type": "minecraft:item",
              "weight": 1,
              "name": "minecraft:end_rod"
            },
            {
              "type": "minecraft:item",
              "weight": 1,
              "name": "minecraft:glow_ink_sac"
            }
          ],
          "conditions": [
            {
              "condition": "minecraft:location_check",
              "predicate": {
                "biome": "terralith:mirage_isles"
              }
            }
          ]
        },
        {
          "type": "minecraft:group",
          "children": [
            {
              "type": "minecraft:item",
              "weight": 1,
              "name": "minecraft:wheat_seeds"
            },
            {
              "type": "minecraft:item",
              "weight": 1,
              "name": "minecraft:dead_bush"
            },
            {
              "type": "minecraft:item",
              "weight": 1,
              "name": "minecraft:terracotta"
            },
            {
              "type": "minecraft:item",
              "weight": 1,
              "name": "minecraft:coarse_dirt"
            }
          ],
          "conditions": [
            {
              "condition": "minecraft:location_check",
              "predicate": {
                "biome": "terralith:modified_savanna_plateau"
              }
            }
          ]
        },
        {
          "type": "minecraft:group",
          "children": [
            {
              "type": "minecraft:item",
              "weight": 1,
              "name": "minecraft:coarse_dirt"
            },
            {
              "type": "minecraft:item",
              "weight": 1,
              "name": "minecraft:red_sand"
            },
            {
              "type": "minecraft:item",
              "weight": 1,
              "name": "minecraft:cactus"
            },
            {
              "type": "minecraft:item",
              "weight": 1,
              "name": "minecraft:terracotta"
            }
          ],
          "conditions": [
            {
              "condition": "minecraft:location_check",
              "predicate": {
                "biome": "terralith:monument_valley"
              }
            }
          ]
        },
        {
          "type": "minecraft:group",
          "children": [
            {
              "type": "minecraft:item",
              "weight": 1,
              "name": "minecraft:dark_oak_log"
            },
            {
              "type": "minecraft:item",
              "weight": 1,
              "name": "minecraft:purple_candle"
            },
            {
              "type": "minecraft:item",
              "weight": 1,
              "name": "minecraft:cobweb"
            },
            {
              "type": "minecraft:item",
              "weight": 1,
              "name": "minecraft:obsidian"
            }
          ],
          "conditions": [
            {
              "condition": "minecraft:location_check",
              "predicate": {
                "biome": "terralith:ominous_grove"
              }
            }
          ]
        },
        {
          "type": "minecraft:group",
          "children": [
            {
              "type": "minecraft:item",
              "weight": 1,
              "name": "minecraft:red_sand"
            },
            {
              "type": "minecraft:item",
              "weight": 1,
              "name": "minecraft:scute"
            },
            {
              "type": "minecraft:item",
              "weight": 1,
              "name": "minecraft:red_sandstone"
            },
            {
              "type": "minecraft:item",
              "name": "minecraft:clay_ball"
            }
          ],
          "conditions": [
            {
              "condition": "minecraft:location_check",
              "predicate": {
                "biome": "terralith:red_beach"
              }
            }
          ]
        },
        {
          "type": "minecraft:group",
          "children": [
            {
              "type": "minecraft:item",
              "weight": 1,
              "name": "minecraft:granite"
            },
            {
              "type": "minecraft:item",
              "weight": 1,
              "name": "minecraft:jungle_log"
            },
            {
              "type": "minecraft:item",
              "weight": 1,
              "name": "minecraft:jungle_sapling"
            },
            {
              "type": "minecraft:item",
              "name": "minecraft:vine"
            }
          ],
          "conditions": [
            {
              "condition": "minecraft:location_check",
              "predicate": {
                "biome": "terralith:red_mountains"
              }
            }
          ]
        },
        {
          "type": "minecraft:group",
          "children": [
            {
              "type": "minecraft:item",
              "weight": 1,
              "name": "minecraft:stripped_acacia_log"
            },
            {
              "type": "minecraft:item",
              "weight": 1,
              "name": "minecraft:acacia_sapling"
            },
            {
              "type": "minecraft:item",
              "weight": 1,
              "name": "minecraft:podzol"
            },
            {
              "type": "minecraft:item",
              "name": "minecraft:wheat_seeds"
            }
          ],
          "conditions": [
            {
              "condition": "minecraft:location_check",
              "predicate": {
                "biome": "terralith:redwood_forest"
              }
            }
          ]
        },
        {
          "type": "minecraft:group",
          "children": [
            {
              "type": "minecraft:item",
              "weight": 1,
              "name": "minecraft:dark_oak_log"
            },
            {
              "type": "minecraft:item",
              "weight": 1,
              "name": "minecraft:clay_ball"
            },
            {
              "type": "minecraft:item",
              "weight": 1,
              "name": "minecraft:melon_slice"
            },
            {
              "type": "minecraft:item",
              "name": "minecraft:lily_pad"
            }
          ],
          "conditions": [
            {
              "condition": "minecraft:location_check",
              "predicate": {
                "biome": "terralith:sakura_grove"
              }
            }
          ]
        },
        {
          "type": "minecraft:group",
          "children": [
            {
              "type": "minecraft:item",
              "weight": 1,
              "name": "minecraft:calcite"
            },
            {
              "type": "minecraft:item",
              "weight": 1,
              "name": "minecraft:diorite"
            }
          ],
          "conditions": [
            {
              "condition": "minecraft:location_check",
              "predicate": {
                "biome": "terralith:salt_flats"
              }
            }
          ]
        },
        {
          "type": "minecraft:group",
          "children": [
            {
              "type": "minecraft:item",
              "weight": 1,
              "name": "minecraft:calcite"
            },
            {
              "type": "minecraft:item",
              "weight": 1,
              "name": "minecraft:diorite"
            },
            {
              "type": "minecraft:item",
              "weight": 1,
              "name": "minecraft:dripstone_block"
            }
          ],
          "conditions": [
            {
              "condition": "minecraft:location_check",
              "predicate": {
                "biome": "terralith:salt_mountains"
              }
            }
          ]
        },
        {
          "type": "minecraft:group",
          "children": [
            {
              "type": "minecraft:item",
              "weight": 1,
              "name": "minecraft:calcite"
            },
            {
              "type": "minecraft:item",
              "weight": 1,
              "name": "minecraft:diorite"
            }
          ],
          "conditions": [
            {
              "condition": "minecraft:location_check",
              "predicate": {
                "biome": "terralith:salty_shores"
              }
            }
          ]
        },
        {
          "type": "minecraft:group",
          "children": [
            {
              "type": "minecraft:item",
              "weight": 1,
              "name": "minecraft:sand"
            },
            {
              "type": "minecraft:item",
              "weight": 1,
              "name": "minecraft:sandstone"
            },
            {
              "type": "minecraft:item",
              "weight": 1,
              "name": "minecraft:jungle_log"
            },
            {
              "type": "minecraft:item",
              "name": "minecraft:flowering_azalea_leaves"
            }
          ],
          "conditions": [
            {
              "condition": "minecraft:location_check",
              "predicate": {
                "biome": "terralith:sandstone_valley"
              }
            }
          ]
        },
        {
          "type": "minecraft:group",
          "children": [
            {
              "type": "minecraft:item",
              "weight": 1,
              "name": "minecraft:red_sand"
            },
            {
              "type": "minecraft:item",
              "weight": 1,
              "name": "minecraft:red_sandstone"
            },
            {
              "type": "minecraft:item",
              "weight": 1,
              "name": "minecraft:cactus"
            },
            {
              "type": "minecraft:item",
              "name": "minecraft:dripstone_block"
            }
          ],
          "conditions": [
            {
              "condition": "minecraft:location_check",
              "predicate": {
                "biome": "terralith:sandstone_valley_r"
              }
            }
          ]
        },
        {
          "type": "minecraft:group",
          "children": [
            {
              "type": "minecraft:item",
              "weight": 1,
              "name": "minecraft:acacia_log"
            },
            {
              "type": "minecraft:item",
              "weight": 1,
              "name": "minecraft:acacia_sapling"
            },
            {
              "type": "minecraft:item",
              "weight": 1,
              "name": "minecraft:coarse_dirt"
            },
            {
              "type": "minecraft:item",
              "weight": 1,
              "name": "minecraft:terracotta"
            }
          ],
          "conditions": [
            {
              "condition": "minecraft:location_check",
              "predicate": {
                "biome": "terralith:savanna_badlands"
              }
            }
          ]
        },
        {
          "type": "minecraft:group",
          "children": [
            {
              "type": "minecraft:item",
              "weight": 1,
              "name": "minecraft:oak_log"
            },
            {
              "type": "minecraft:item",
              "weight": 1,
              "name": "minecraft:oak_sapling"
            },
            {
              "type": "minecraft:item",
              "weight": 1,
              "name": "minecraft:wheat_seeds"
            },
            {
              "type": "minecraft:item",
              "weight": 1,
              "name": "minecraft:terracotta"
            }
          ],
          "conditions": [
            {
              "condition": "minecraft:location_check",
              "predicate": {
                "biome": "terralith:savanna_heights"
              }
            }
          ]
        },
        {
          "type": "minecraft:group",
          "children": [
            {
              "type": "minecraft:item",
              "weight": 1,
              "name": "minecraft:netherrack"
            },
            {
              "type": "minecraft:item",
              "weight": 1,
              "name": "minecraft:deepslate"
            },
            {
              "type": "minecraft:item",
              "weight": 1,
              "name": "minecraft:redstone"
            },
            {
              "type": "minecraft:item",
              "weight": 1,
              "name": "minecraft:snow_block"
            }
          ],
          "conditions": [
            {
              "condition": "minecraft:location_check",
              "predicate": {
                "biome": "terralith:scarlet_mountains"
              }
            }
          ]
        },
        {
          "type": "minecraft:group",
          "children": [
            {
              "type": "minecraft:item",
              "weight": 1,
              "name": "minecraft:snowball"
            },
            {
              "type": "minecraft:item",
              "weight": 1,
              "name": "minecraft:powder_snow_bucket"
            },
            {
              "type": "minecraft:item",
              "weight": 1,
              "name": "minecraft:redstone"
            },
            {
              "type": "minecraft:item",
              "weight": 1,
              "name": "minecraft:snow_block"
            }
          ],
          "conditions": [
            {
              "condition": "minecraft:location_check",
              "predicate": {
                "biome": "terralith:scarlet_tundra"
              }
            }
          ]
        },
        {
          "type": "minecraft:group",
          "children": [
            {
              "type": "minecraft:item",
              "weight": 1,
              "name": "minecraft:oak_log"
            },
            {
              "type": "minecraft:item",
              "weight": 1,
              "name": "minecraft:wheat_seeds"
            },
            {
              "type": "minecraft:item",
              "weight": 1,
              "name": "minecraft:tuff"
            },
            {
              "type": "minecraft:item",
              "weight": 1,
              "name": "minecraft:brown_terracotta"
            }
          ],
          "conditions": [
            {
              "condition": "minecraft:location_check",
              "predicate": {
                "biome": "terralith:shrubland"
              }
            }
          ]
        },
        {
          "type": "minecraft:group",
          "children": [
            {
              "type": "minecraft:item",
              "weight": 1,
              "name": "minecraft:spruce_log"
            },
            {
              "type": "minecraft:item",
              "weight": 1,
              "name": "minecraft:tuff"
            },
            {
              "type": "minecraft:item",
              "weight": 1,
              "name": "minecraft:cobblestone"
            },
            {
              "type": "minecraft:item",
              "weight": 1,
              "name": "minecraft:cobbled_deepslate"
            }
          ],
          "conditions": [
            {
              "condition": "minecraft:location_check",
              "predicate": {
                "biome": "terralith:siberian_taiga"
              }
            }
          ]
        },
        {
          "type": "minecraft:group",
          "children": [
            {
              "type": "minecraft:item",
              "weight": 1,
              "name": "minecraft:warped_stem"
            },
            {
              "type": "minecraft:item",
              "weight": 1,
              "name": "minecraft:light_blue_terracotta"
            },
            {
              "type": "minecraft:item",
              "weight": 1,
              "name": "minecraft:blue_terracotta"
            },
            {
              "type": "minecraft:item",
              "weight": 1,
              "name": "minecraft:purple_terracotta"
            }
          ],
          "conditions": [
            {
              "condition": "minecraft:location_check",
              "predicate": {
                "biome": "terralith:stardust_valley"
              }
            }
          ]
        },
        {
          "type": "minecraft:group",
          "children": [
            {
              "type": "minecraft:item",
              "weight": 1,
              "name": "minecraft:jungle_log"
            },
            {
              "type": "minecraft:item",
              "weight": 1,
              "name": "minecraft:jungle_sapling"
            },
            {
              "type": "minecraft:item",
              "weight": 1,
              "name": "minecraft:vine"
            },
            {
              "type": "minecraft:item",
              "weight": 1,
              "name": "minecraft:gravel"
            }
          ],
          "conditions": [
            {
              "condition": "minecraft:location_check",
              "predicate": {
                "biome": "terralith:tropical_archipelago"
              }
            }
          ]
        },
        {
          "type": "minecraft:group",
          "children": [
            {
              "type": "minecraft:item",
              "weight": 1,
              "name": "minecraft:jungle_log"
            },
            {
              "type": "minecraft:item",
              "weight": 1,
              "name": "minecraft:blackstone"
            },
            {
              "type": "minecraft:item",
              "weight": 1,
              "name": "minecraft:basalt"
            },
            {
              "type": "minecraft:item",
              "weight": 1,
              "name": "minecraft:lava_bucket"
            }
          ],
          "conditions": [
            {
              "condition": "minecraft:location_check",
              "predicate": {
                "biome": "terralith:tropical_volcano"
              }
            }
          ]
        },
        {
          "type": "minecraft:group",
          "children": [
            {
              "type": "minecraft:item",
              "weight": 1,
              "name": "minecraft:wheat"
            },
            {
              "type": "minecraft:item",
              "weight": 1,
              "name": "minecraft:wheat_seeds"
            },
            {
              "type": "minecraft:item",
              "weight": 1,
              "name": "minecraft:sugar_cane"
            },
            {
              "type": "minecraft:item",
              "weight": 1,
              "name": "minecraft:white_wool"
            }
          ],
          "conditions": [
            {
              "condition": "minecraft:location_check",
              "predicate": {
                "biome": "terralith:wheat_fields"
              }
            }
          ]
        },
        {
          "type": "minecraft:group",
          "children": [
            {
              "type": "minecraft:item",
              "weight": 1,
              "name": "minecraft:spruce_log"
            },
            {
              "type": "minecraft:item",
              "weight": 1,
              "name": "minecraft:snowball"
            },
            {
              "type": "minecraft:item",
              "weight": 1,
              "name": "minecraft:snow_block"
            },
            {
              "type": "minecraft:item",
              "weight": 1,
              "name": "minecraft:blue_ice"
            }
          ],
          "conditions": [
            {
              "condition": "minecraft:location_check",
              "predicate": {
                "biome": "terralith:wintry_forest"
              }
            }
          ]
        },
        {
          "type": "minecraft:group",
          "children": [
            {
              "type": "minecraft:item",
              "weight": 1,
              "name": "minecraft:calcite"
            },
            {
              "type": "minecraft:item",
              "weight": 1,
              "name": "minecraft:blackstone"
            },
            {
              "type": "minecraft:item",
              "weight": 1,
              "name": "minecraft:smooth_basalt"
            },
            {
              "type": "minecraft:item",
              "weight": 1,
              "name": "minecraft:red_sand"
            }
          ],
          "conditions": [
            {
              "condition": "minecraft:location_check",
              "predicate": {
                "biome": "terralith:yellowstone"
              }
            }
          ]
        },
        {
          "type": "minecraft:group",
          "children": [
            {
              "type": "minecraft:item",
              "weight": 1,
              "name": "minecraft:calcite"
            },
            {
              "type": "minecraft:item",
              "weight": 1,
              "name": "minecraft:diorite"
            },
            {
              "type": "minecraft:item",
              "weight": 1,
              "name": "minecraft:stone"
            },
            {
              "type": "minecraft:item",
              "weight": 1,
              "name": "minecraft:wheat_seeds"
            }
          ],
          "conditions": [
            {
              "condition": "minecraft:location_check",
              "predicate": {
                "biome": "terralith:yosemite_cliffs"
              }
            }
          ]
        },
        {
          "type": "minecraft:group",
          "children": [
            {
              "type": "minecraft:item",
              "weight": 1,
              "name": "minecraft:andesite"
            },
            {
              "type": "minecraft:item",
              "weight": 1,
              "name": "minecraft:coarse_dirt"
            },
            {
              "type": "minecraft:item",
              "weight": 1,
              "name": "minecraft:oak_log"
            },
            {
              "type": "minecraft:item",
              "weight": 1,
              "name": "minecraft:spruce_log"
            }
          ],
          "conditions": [
            {
              "condition": "minecraft:location_check",
              "predicate": {
                "biome": "terralith:yosemite_lowlands"
              }
            }
          ]
        },
        {
          "type": "minecraft:group",
          "children": [
            {
              "type": "minecraft:item",
              "weight": 1,
              "name": "minecraft:calcite"
            },
            {
              "type": "minecraft:item",
              "weight": 1,
              "name": "minecraft:magma_block"
            },
            {
              "type": "minecraft:item",
              "weight": 1,
              "name": "minecraft:charcoal"
            },
            {
              "type": "minecraft:item",
              "weight": 1,
              "name": "minecraft:gravel"
            }
          ],
          "conditions": [
            {
              "condition": "minecraft:location_check",
              "predicate": {
                "biome": "terralith:zreserved/1/warm_river"
              }
            }
          ]
        },
        {
          "type": "minecraft:group",
          "children": [
            {
              "type": "minecraft:item",
              "weight": 1,
              "name": "minecraft:coarse_dirt"
            },
            {
              "type": "minecraft:item",
              "weight": 1,
              "name": "minecraft:wheat_seeds"
            },
            {
              "type": "minecraft:item",
              "weight": 1,
              "name": "minecraft:chicken"
            },
            {
              "type": "minecraft:item",
              "weight": 1,
              "name": "minecraft:feather"
            }
          ],
          "conditions": [
            {
              "condition": "minecraft:location_check",
              "predicate": {
                "biome": "terralith:zreserved/10/midland_plains"
              }
            }
          ]
        },
        {
          "type": "minecraft:group",
          "children": [
            {
              "type": "minecraft:item",
              "weight": 1,
              "name": "minecraft:coarse_dirt"
            },
            {
              "type": "minecraft:item",
              "weight": 1,
              "name": "minecraft:wheat_seeds"
            },
            {
              "type": "minecraft:item",
              "weight": 1,
              "name": "minecraft:mutton"
            },
            {
              "type": "minecraft:item",
              "weight": 1,
              "name": "minecraft:white_wool"
            }
          ],
          "conditions": [
            {
              "condition": "minecraft:location_check",
              "predicate": {
                "biome": "terralith:zreserved/100/highland_plains"
              }
            }
          ]
        },
        {
          "type": "minecraft:group",
          "children": [
            {
              "type": "minecraft:item",
              "weight": 1,
              "name": "minecraft:coarse_dirt"
            },
            {
              "type": "minecraft:item",
              "weight": 1,
              "name": "minecraft:wheat_seeds"
            },
            {
              "type": "minecraft:item",
              "weight": 1,
              "name": "minecraft:porkchop"
            },
            {
              "type": "minecraft:item",
              "weight": 1,
              "name": "minecraft:sunflower"
            }
          ],
          "conditions": [
            {
              "condition": "minecraft:location_check",
              "predicate": {
                "biome": "terralith:zreserved/101/highland_sunflower_plains"
              }
            }
          ]
        },
        {
          "type": "minecraft:group",
          "children": [
            {
              "type": "minecraft:item",
              "weight": 1,
              "name": "minecraft:wheat"
            },
            {
              "type": "minecraft:item",
              "weight": 1,
              "name": "minecraft:wheat_seeds"
            },
            {
              "type": "minecraft:item",
              "weight": 1,
              "name": "minecraft:beef"
            },
            {
              "type": "minecraft:item",
              "weight": 1,
              "name": "minecraft:leather"
            }
          ],
          "conditions": [
            {
              "condition": "minecraft:location_check",
              "predicate": {
                "biome": "terralith:zreserved/102/highland_wheat_fields"
              }
            }
          ]
        },
        {
          "type": "minecraft:group",
          "children": [
            {
              "type": "minecraft:item",
              "weight": 1,
              "name": "minecraft:oak_log"
            },
            {
              "type": "minecraft:item",
              "weight": 1,
              "name": "minecraft:oak_sapling"
            },
            {
              "type": "minecraft:item",
              "weight": 1,
              "name": "minecraft:birch_log"
            },
            {
              "type": "minecraft:item",
              "weight": 1,
              "name": "minecraft:birch_sapling"
            }
          ],
          "conditions": [
            {
              "condition": "minecraft:location_check",
              "predicate": {
                "biome": "terralith:zreserved/103/midland_forest"
              }
            }
          ]
        },
        {
          "type": "minecraft:group",
          "children": [
            {
              "type": "minecraft:item",
              "weight": 1,
              "name": "minecraft:oak_log"
            },
            {
              "type": "minecraft:item",
              "weight": 1,
              "name": "minecraft:oak_sapling"
            },
            {
              "type": "minecraft:item",
              "weight": 1,
              "name": "minecraft:birch_log"
            },
            {
              "type": "minecraft:item",
              "weight": 1,
              "name": "minecraft:birch_sapling"
            }
          ],
          "conditions": [
            {
              "condition": "minecraft:location_check",
              "predicate": {
                "biome": "terralith:zreserved/104/highland_forest"
              }
            }
          ]
        },
        {
          "type": "minecraft:group",
          "children": [
            {
              "type": "minecraft:item",
              "weight": 1,
              "name": "minecraft:oak_log"
            },
            {
              "type": "minecraft:item",
              "weight": 1,
              "name": "minecraft:oak_sapling"
            },
            {
              "type": "minecraft:item",
              "weight": 1,
              "name": "minecraft:birch_log"
            },
            {
              "type": "minecraft:item",
              "weight": 1,
              "name": "minecraft:birch_sapling"
            }
          ],
          "conditions": [
            {
              "condition": "minecraft:location_check",
              "predicate": {
                "biome": "terralith:zreserved/105/highland_wooded_hills"
              }
            }
          ]
        },
        {
          "type": "minecraft:group",
          "children": [
            {
              "type": "minecraft:item",
              "weight": 1,
              "name": "minecraft:sand"
            },
            {
              "type": "minecraft:item",
              "weight": 1,
              "name": "minecraft:cactus"
            },
            {
              "type": "minecraft:item",
              "weight": 1,
              "name": "minecraft:stick"
            },
            {
              "type": "minecraft:item",
              "weight": 1,
              "name": "minecraft:sandstone"
            }
          ],
          "conditions": [
            {
              "condition": "minecraft:location_check",
              "predicate": {
                "biome": "terralith:zreserved/106/midland_desert"
              }
            }
          ]
        },
        {
          "type": "minecraft:group",
          "children": [
            {
              "type": "minecraft:item",
              "weight": 1,
              "name": "minecraft:sand"
            },
            {
              "type": "minecraft:item",
              "weight": 1,
              "name": "minecraft:cactus"
            },
            {
              "type": "minecraft:item",
              "weight": 1,
              "name": "minecraft:stick"
            },
            {
              "type": "minecraft:item",
              "weight": 1,
              "name": "minecraft:sandstone"
            }
          ],
          "conditions": [
            {
              "condition": "minecraft:location_check",
              "predicate": {
                "biome": "terralith:zreserved/107/highland_desert"
              }
            }
          ]
        },
        {
          "type": "minecraft:group",
          "children": [
            {
              "type": "minecraft:item",
              "weight": 1,
              "name": "minecraft:sand"
            },
            {
              "type": "minecraft:item",
              "weight": 1,
              "name": "minecraft:cactus"
            },
            {
              "type": "minecraft:item",
              "weight": 1,
              "name": "minecraft:stick"
            },
            {
              "type": "minecraft:item",
              "weight": 1,
              "name": "minecraft:sandstone"
            }
          ],
          "conditions": [
            {
              "condition": "minecraft:location_check",
              "predicate": {
                "biome": "terralith:zreserved/108/desert_dunes"
              }
            }
          ]
        },
        {
          "type": "minecraft:group",
          "children": [
            {
              "type": "minecraft:item",
              "weight": 1,
              "name": "minecraft:jungle_log"
            },
            {
              "type": "minecraft:item",
              "weight": 1,
              "name": "minecraft:clay_ball"
            },
            {
              "type": "minecraft:item",
              "weight": 1,
              "name": "minecraft:small_dripleaf"
            },
            {
              "type": "minecraft:item",
              "weight": 1,
              "name": "minecraft:sea_pickle"
            }
          ],
          "conditions": [
            {
              "condition": "minecraft:location_check",
              "predicate": {
                "biome": "terralith:zreserved/109/highland_oasis"
              }
            }
          ]
        },
        {
          "type": "minecraft:group",
          "children": [
            {
              "type": "minecraft:item",
              "weight": 1,
              "name": "minecraft:spruce_log"
            },
            {
              "type": "minecraft:item",
              "weight": 1,
              "name": "minecraft:sweet_berries"
            },
            {
              "type": "minecraft:item",
              "weight": 1,
              "name": "minecraft:spruce_sapling"
            },
            {
              "type": "minecraft:item",
              "weight": 1,
              "name": "minecraft:gravel"
            }
          ],
          "conditions": [
            {
              "condition": "minecraft:location_check",
              "predicate": {
                "biome": "terralith:zreserved/11/midland_taiga"
              }
            }
          ]
        },
        {
          "type": "minecraft:group",
          "children": [
            {
              "type": "minecraft:item",
              "weight": 1,
              "name": "minecraft:spruce_log"
            },
            {
              "type": "minecraft:item",
              "weight": 1,
              "name": "minecraft:sweet_berries"
            },
            {
              "type": "minecraft:item",
              "weight": 1,
              "name": "minecraft:spruce_sapling"
            },
            {
              "type": "minecraft:item",
              "weight": 1,
              "name": "minecraft:gravel"
            }
          ],
          "conditions": [
            {
              "condition": "minecraft:location_check",
              "predicate": {
                "biome": "terralith:zreserved/110/highland_taiga"
              }
            }
          ]
        },
        {
          "type": "minecraft:group",
          "children": [
            {
              "type": "minecraft:item",
              "weight": 1,
              "name": "minecraft:spruce_log"
            },
            {
              "type": "minecraft:item",
              "weight": 1,
              "name": "minecraft:sweet_berries"
            },
            {
              "type": "minecraft:item",
              "weight": 1,
              "name": "minecraft:spruce_sapling"
            },
            {
              "type": "minecraft:item",
              "weight": 1,
              "name": "minecraft:gravel"
            }
          ],
          "conditions": [
            {
              "condition": "minecraft:location_check",
              "predicate": {
                "biome": "terralith:zreserved/111/midland_taiga_hills"
              }
            }
          ]
        },
        {
          "type": "minecraft:group",
          "children": [
            {
              "type": "minecraft:item",
              "weight": 1,
              "name": "minecraft:spruce_log"
            },
            {
              "type": "minecraft:item",
              "weight": 1,
              "name": "minecraft:sweet_berries"
            },
            {
              "type": "minecraft:item",
              "weight": 1,
              "name": "minecraft:spruce_sapling"
            },
            {
              "type": "minecraft:item",
              "weight": 1,
              "name": "minecraft:snowball"
            }
          ],
          "conditions": [
            {
              "condition": "minecraft:location_check",
              "predicate": {
                "biome": "terralith:zreserved/112/midland_snowy_taiga"
              }
            }
          ]
        },
        {
          "type": "minecraft:group",
          "children": [
            {
              "type": "minecraft:item",
              "weight": 1,
              "name": "minecraft:spruce_log"
            },
            {
              "type": "minecraft:item",
              "weight": 1,
              "name": "minecraft:sweet_berries"
            },
            {
              "type": "minecraft:item",
              "weight": 1,
              "name": "minecraft:spruce_sapling"
            },
            {
              "type": "minecraft:item",
              "weight": 1,
              "name": "minecraft:snowball"
            }
          ],
          "conditions": [
            {
              "condition": "minecraft:location_check",
              "predicate": {
                "biome": "terralith:zreserved/113/highland_snowy_taiga"
              }
            }
          ]
        },
        {
          "type": "minecraft:group",
          "children": [
            {
              "type": "minecraft:item",
              "weight": 1,
              "name": "minecraft:spruce_log"
            },
            {
              "type": "minecraft:item",
              "weight": 1,
              "name": "minecraft:sweet_berries"
            },
            {
              "type": "minecraft:item",
              "weight": 1,
              "name": "minecraft:spruce_sapling"
            },
            {
              "type": "minecraft:item",
              "weight": 1,
              "name": "minecraft:snowball"
            }
          ],
          "conditions": [
            {
              "condition": "minecraft:location_check",
              "predicate": {
                "biome": "terralith:zreserved/114/midland_snowy_taiga_hills"
              }
            }
          ]
        }
      ]
    }
  ]
}