{
  "type": "minecraft:entity",
  "pools": [
    {
      "rolls": 1,
      "entries": [
        {
          "type": "minecraft:item",
          "name": "minecraft:oak_boat",
		  "weight": 1,
          "functions": [
            {
              "function": "minecraft:set_count",
              "count": {
	            "type": "minecraft:uniform",
                "min": 0,
                "max": 1
              }
            },
            {
              "function": "minecraft:set_nbt",
              "tag": "{HideFlags:1,display:{Lore:['{\"text\":\"A masterfully crafted\"}','{\"text\":\"seafaring vessel.\"}'],Name:'{\"text\":\"Prepared Ship Hull\"}'},Enchantments:[{lvl:0,id:\"minecraft:protection\"}]}"
            }
          ]
        }
      ]
    },
    {
      "rolls": 1,
      "entries": [
        {
          "type": "minecraft:item",
		  "weight": 10,
          "functions": [
            {
              "function": "minecraft:set_count",
              "count": {
	            "type": "minecraft:uniform",
                "min": 0.0,
                "max": 12.0,
                "type": "minecraft:uniform"
              }
            },
            {
              "function": "minecraft:looting_enchant",
              "count": {
	            "type": "minecraft:uniform",
                "min": 0.0,
                "max": 8.0
              }
            }
          ],
          "name": "minecraft:white_wool"
        }
      ]
    },
    {
      "rolls": 1,
      "entries": [
        {
          "type": "minecraft:item",
		  "weight": 10,
          "functions": [
            {
              "function": "minecraft:set_count",
              "count": {
	            "type": "minecraft:uniform",
                "min": 0.0,
                "max": 2.0,
                "type": "minecraft:uniform"
              }
            },
            {
              "function": "minecraft:looting_enchant",
              "count": {
	            "type": "minecraft:uniform",
                "min": 0.0,
                "max": 2.0
              }
            }
          ],
          "name": "minecraft:gold_ingot"
        }
      ]
    }
  ]
}