{
  "parent": "harvest:recipes/root",
  "display": {
    "icon": {
      "item": "minecraft:hay_block"
    },
    "title": "Harvest Altar Crafting Recipe",
    "description": "B = Building Permit S = Stone\nH = Hay Block   D = Diamond Hoe\nP = Pumpkin       F = Oak Fence\nC = Campfire      I = Beehive\nR = Barrel\n===============\nHx16 | Dx1 | Px16\nFx32 |  B  | Cx2\nIx1  | Sx32 | Rx1",
    "frame": "task",
    "show_toast": false,
    "announce_to_chat": false,
    "hidden": false
  },
  "rewards": {
    "function": "harvest:siteplanner/build_harvest_altar"
  },
  "criteria": {
    "open-dropper": {
      "trigger": "minecraft:item_used_on_block",
      "conditions": {
        "location": {
          "block": {
            "block": "dropper",
			"nbt":"{Items:[{Slot:0b,id:\"minecraft:hay_block\",Count:16b},{Slot:1b,id:\"minecraft:diamond_hoe\",Count:1b},{Slot:2b,id:\"minecraft:pumpkin\",Count:16b},{Slot:3b,id:\"minecraft:oak_fence\",Count:32b},{Slot:4b,id:\"minecraft:paper\",Count:1b,tag:{HideFlags:1,display:{Lore:['{\"text\":\"The final ingredient\"}','{\"text\":\"in new town structures.\"}'],Name:'{\"text\":\"Building Permit\"}'},Enchantments:[{lvl:0,id:\"minecraft:protection\"}]}},{Slot:5b,id:\"minecraft:campfire\",Count:2b},{Slot:6b,id:\"minecraft:beehive\",Count:1b},{Slot:7b,id:\"minecraft:stone\",Count:32b},{Slot:8b,id:\"minecraft:barrel\",Count:1b}]}"
          }
        }
      }
    }
  }
}