{
  "parent": "harvest:recipes/root",
  "display": {
    "icon": {
      "item": "minecraft:emerald"
    },
    "title": "Town Market Crafting Recipe    ",
    "description": "Q = Building Permit S = Stone\nG = Gold Ingot            W = White Wool\nH = Wheat     O = Oak Log\nA = Sandstone    M = Emerald\n===============\nWx16 | Gx3 | Hx16\nOx32 |  B  | Ox32\nAx64  | Mx6 | Sx64",
    "frame": "task",
    "show_toast": false,
    "announce_to_chat": false,
    "hidden": false
  },
  "rewards": {
    "function": "harvest:siteplanner/build_town_market"
  },
  "criteria": {
    "open-dropper": {
      "trigger": "minecraft:item_used_on_block",
      "conditions": {
        "location": {
          "block": {
            "block": "dropper",
			"nbt":"{Items:[{Slot:0b,id:\"minecraft:white_wool\",Count:16b},{Slot:1b,id:\"minecraft:gold_ingot\",Count:3b},{Slot:2b,id:\"minecraft:wheat\",Count:16b},{Slot:3b,id:\"minecraft:oak_log\",Count:32b},{Slot:4b,id:\"minecraft:paper\",Count:1b,tag:{HideFlags:1,display:{Lore:['{\"text\":\"The final ingredient\"}','{\"text\":\"in new town structures.\"}'],Name:'{\"text\":\"Building Permit\"}'},Enchantments:[{lvl:0,id:\"minecraft:protection\"}]}},{Slot:5b,id:\"minecraft:oak_log\",Count:32b},{Slot:6b,id:\"minecraft:sandstone\",Count:64b},{Slot:7b,id:\"minecraft:emerald\",Count:6b},{Slot:8b,id:\"minecraft:stone\",Count:64b}]}"
          }
        }
      }
    }
  }
}