{
  "parent": "harvest:recipes/root",
  "display": {
    "icon": {
      "item": "minecraft:iron_hoe"
    },
    "title": "Rural Cabin Crafting Recipe",
    "description": "B = Building Permit   O = Oak Log\nI = Iron Hoe        S = Stone\nR = Barrel         C = Composter\nW = White Bed\n===============\nOx16 | Ix1 | Ox16\nRx3 |  B  | wx1\nSx8  | Cx2 | Sx8",
    "frame": "task",
    "show_toast": false,
    "announce_to_chat": false,
    "hidden": false
  },
  "rewards": {
    "function": "harvest:siteplanner/build_rural_cabin"
  },
  "criteria": {
    "open-dropper": {
      "trigger": "minecraft:item_used_on_block",
      "conditions": {
        "location": {
          "block": {
            "block": "dropper",
			"nbt":"{Items:[{Slot:0b,id:\"minecraft:oak_log\",Count:16b},{Slot:1b,id:\"minecraft:iron_hoe\",Count:1b},{Slot:2b,id:\"minecraft:oak_log\",Count:16b},{Slot:3b,id:\"minecraft:barrel\",Count:3b},{Slot:4b,id:\"minecraft:paper\",Count:1b,tag:{HideFlags:1,display:{Lore:['{\"text\":\"The final ingredient\"}','{\"text\":\"in new town structures.\"}'],Name:'{\"text\":\"Building Permit\"}'},Enchantments:[{lvl:0,id:\"minecraft:protection\"}]}},{Slot:5b,id:\"minecraft:white_bed\",Count:1b},{Slot:6b,id:\"minecraft:stone\",Count:8b},{Slot:7b,id:\"minecraft:composter\",Count:2b},{Slot:8b,id:\"minecraft:stone\",Count:8b}]}"
          }
        }
      }
    }
  }
}