{
  "parent": "harvest:recipes/root",
  "display": {
    "icon": {
      "item": "minecraft:campfire"
    },
    "title": "Shelter Kitchen Crafting Recipe",
    "description": "B = Building Permit   O = Oak Log\nR = Bricks       M = Smooth Stone\nS = Stone        K = Smoker\n===============\nOx8 | Ox8 | Rx8\nMx16 |  B  | Rx8\nSx8  | Kx3 | Sx8",
    "frame": "task",
    "show_toast": false,
    "announce_to_chat": false,
    "hidden": false
  },
  "rewards": {
    "function": "harvest:siteplanner/build_shelter_kitchen"
  },
  "criteria": {
    "open-dropper": {
      "trigger": "minecraft:item_used_on_block",
      "conditions": {
        "location": {
          "block": {
            "block": "dropper",
			"nbt":"{Items:[{Slot:0b,id:\"minecraft:oak_log\",Count:8b},{Slot:1b,id:\"minecraft:oak_log\",Count:8b},{Slot:2b,id:\"minecraft:bricks\",Count:8b},{Slot:3b,id:\"minecraft:smooth_stone\",Count:16b},{Slot:4b,id:\"minecraft:paper\",Count:1b,tag:{HideFlags:1,display:{Lore:['{\"text\":\"The final ingredient\"}','{\"text\":\"in new town structures.\"}'],Name:'{\"text\":\"Building Permit\"}'},Enchantments:[{lvl:0,id:\"minecraft:protection\"}]}},{Slot:5b,id:\"minecraft:bricks\",Count:8b},{Slot:6b,id:\"minecraft:stone\",Count:8b},{Slot:7b,id:\"minecraft:smoker\",Count:3b},{Slot:8b,id:\"minecraft:stone\",Count:8b}]}"
          }
        }
      }
    }
  }
}