{
  "parent": "victoria_ricky:recipes/root",
  "display": {
    "icon": {
      "item": "minecraft:player_head",
            "nbt": "{SkullOwner: 'Koduck'}"
    },
    "title": "New In Town Harvest Add-on",
    "description": "Adding agriculture-related features\nBy VictoriaRicky",
    "frame": "task",
	"background": "minecraft:textures/block/stone.png",
    "show_toast": false,
    "announce_to_chat": false,
    "hidden": false
  },
  "criteria": {
    "exists": {
      "trigger": "minecraft:tick"
    }
  }
}
