{
  "parent": "nitex:nitex/root",
  "display": {
    "icon": {
      "item": "minecraft:chiseled_red_sandstone"
    },
    "title": "Lost Civilization",
    "description": "Uncover a buried artifact in the Primordial Desert.",
    "frame": "task",
	"background": "minecraft:textures/block/blackstone.png",
    "show_toast": true,
    "announce_to_chat": true,
    "hidden": false
  },
  "rewards": {
    "experience": 100
  },
  "criteria": {
    "explore": {
      "trigger": "minecraft:impossible"
    }
  }
}