{
  "parent": "nitex:nitex/ach2.1",
  "display": {
    "icon": {
      "item": "minecraft:cooked_porkchop"
    },
    "title": "Piglins in Cages",
    "description": "Discover the Illagers' cavern of imprisoned experiments...",
    "frame": "task",
	"background": "minecraft:textures/block/blackstone.png",
    "show_toast": true,
    "announce_to_chat": true,
    "hidden": false
  },
  "rewards": {
    "experience": 100
  },
  "criteria": {
    "explore": {
      "trigger": "minecraft:impossible"
    }
  }
}