{
  "parent": "nitex:nitex/ach3.1",
  "display": {
    "icon": {
      "item": "minecraft:sandstone_wall"
    },
    "title": "A Cruel Arena",
    "description": "Discover the Illagers' arena, where undead experiments duel mercilessly.",
    "frame": "goal",
	"background": "minecraft:textures/block/blackstone.png",
    "show_toast": true,
    "announce_to_chat": true,
    "hidden": false
  },
  "rewards": {
    "experience": 100
  },
  "criteria": {
    "explore": {
      "trigger": "minecraft:impossible"
    }
  }
}