{
  "parent": "nitex:nitex/ach4.1",
  "display": {
    "icon": {
      "item": "minecraft:netherite_pickaxe"
    },
    "title": "The Tapping",
    "description": "Build every functional shaft for your mine.",
    "frame": "challenge",
	"background": "minecraft:textures/block/blackstone.png",
    "show_toast": true,
    "announce_to_chat": true,
    "hidden": false
  },
  "rewards": {
    "experience": 1000
  },
  "criteria": {
    "build-drill-copper": {
      "trigger": "minecraft:impossible"
    },
	"build-drill-diamond": {
      "trigger": "minecraft:impossible"
    },
	"build-forge": {
      "trigger": "minecraft:impossible"
    },
	"build-headlamp": {
      "trigger": "minecraft:impossible"
    },
	"build-home": {
      "trigger": "minecraft:impossible"
    },
	"build-research": {
      "trigger": "minecraft:impossible"
    },
	"build-slate": {
      "trigger": "minecraft:impossible"
    },
	"build-lift": {
      "trigger": "minecraft:impossible"
    },
	"build-gemologist": {
      "trigger": "minecraft:impossible"
    },
	"build-cave-sapper": {
      "trigger": "minecraft:impossible"
    },
	"build-portal": {
      "trigger": "minecraft:impossible"
    }
  }
}