{
  "parent": "nitex:nitex/ach4.1",
  "display": {
    "icon": {
      "item": "minecraft:soul_campfire"
    },
    "title": "The Cost of a Soul",
    "description": "Defeat Rexial the Soulless at the Illager Arena.",
    "frame": "challenge",
	"background": "minecraft:textures/block/blackstone.png",
    "show_toast": true,
    "announce_to_chat": true,
    "hidden": true
  },
  "rewards": {
    "experience": 1000
  },
  "criteria": {
    "explore": {
      "trigger": "minecraft:impossible"
    }
  }
}