{
  "name": "nitdim:tempest/lightning_field_starts",
  "fallback": "minecraft:empty",
  "elements": [
    {
      "weight": 1,
      "element": {
        "location": "minecraft:village/plains/zombie/town_centers/plains_fountain_01",
        "processors": "minecraft:zombie_plains",
        "projection": "rigid",
        "element_type": "minecraft:legacy_single_pool_element"
      }
    },
    {
      "weight": 1,
      "element": {
        "location": "minecraft:village/plains/zombie/town_centers/plains_meeting_point_1",
        "processors": "minecraft:zombie_plains",
        "projection": "rigid",
        "element_type": "minecraft:legacy_single_pool_element"
      }
    },
    {
      "weight": 1,
      "element": {
        "location": "minecraft:village/plains/zombie/town_centers/plains_meeting_point_2",
        "processors": "minecraft:zombie_plains",
        "projection": "rigid",
        "element_type": "minecraft:legacy_single_pool_element"
      }
    },
    {
      "weight": 1,
      "element": {
        "location": "minecraft:village/plains/zombie/town_centers/plains_meeting_point_3",
        "processors": "minecraft:zombie_plains",
        "projection": "rigid",
        "element_type": "minecraft:legacy_single_pool_element"
      }
    },
    {
      "weight": 8,
      "element": {
        "location": "nitdim:tempest/train/start",
        "processors": "minecraft:empty",
        "projection": "rigid",
        "element_type": "minecraft:single_pool_element"
      }
    }
  ]
}