{
  "parent": "skunkmunkee:recipes/fountains",
  "display": {
    "icon": {
      "item": "minecraft:glass"
    },
    "title": "Raised Fountain Crafting",
    "description": "S = Stone\nI = Iron Ingot\nG = Glass\nT = Torch\nW = Water Bucket (not returned)\nSx16 | Gx8 | Sx16\nIx16  |  W  |  Tx16\nSx16 | Gx8 | Sx16",
    "frame": "task",
    "show_toast": false,
    "announce_to_chat": false,
    "hidden": false
  },
  "rewards": {
    "function": "skunkmunkee:siteplanner/build_raised_fountain"
  },
  "criteria": {
    "open-dropper": {
      "trigger": "minecraft:item_used_on_block",
      "conditions": {
        "location": {
          "block": {
            "block": "dropper",
			"nbt":"{Items:[{Slot:0b,id:\"minecraft:stone\",Count:16b},{Slot:1b,id:\"minecraft:glass\",Count:8b},{Slot:2b,id:\"minecraft:stone\",Count:16b},{Slot:3b,id:\"minecraft:iron_ingot\",Count:16b},{Slot:4b,id:\"minecraft:water_bucket\",Count:1b},{Slot:5b,id:\"minecraft:torch\",Count:16b},{Slot:6b,id:\"minecraft:stone\",Count:16b},{Slot:7b,id:\"minecraft:glass\",Count:8b},{Slot:8b,id:\"minecraft:stone\",Count:16b}]}"
          }
        }
      }
    }
  }
}