{
  "parent": "skunkmunkee:recipes/functional",
  "display": {
    "icon": {
      "item": "minecraft:water_bucket"
    },
    "title": "Community Well Crafting",
    "description": "S = Stone\nL = Oak Log\nI = Iron Ingot\nT = Torch\nW = Water Bucket (not returned)\nSx16 | Ix16 | Sx16\nLx8   |   W   |  Lx8\nSx16 | Tx16 | Sx16",
    "frame": "task",
    "show_toast": false,
    "announce_to_chat": false,
    "hidden": false
  },
  "rewards": {
    "function": "skunkmunkee:siteplanner/build_community_well"
  },
  "criteria": {
    "open-dropper": {
      "trigger": "minecraft:item_used_on_block",
      "conditions": {
        "location": {
          "block": {
            "block": "dropper",
			"nbt":"{Items:[{Slot:0b,id:\"minecraft:stone\",Count:16b},{Slot:1b,id:\"minecraft:iron_ingot\",Count:16b},{Slot:2b,id:\"minecraft:stone\",Count:16b},{Slot:3b,id:\"minecraft:oak_log\",Count:8b},{Slot:4b,id:\"minecraft:water_bucket\",Count:1b},{Slot:5b,id:\"minecraft:oak_log\",Count:8b},{Slot:6b,id:\"minecraft:stone\",Count:16b},{Slot:7b,id:\"minecraft:torch\",Count:16b},{Slot:8b,id:\"minecraft:stone\",Count:16b}]}"
          }
        }
      }
    }
  }
}