{
  "parent": "skunkmunkee:recipes/figures",
  "display": {
    "icon": {
      "item": "minecraft:rabbit_foot"
    },
    "title": "Rabbit Shrine Crafting",
    "description": "S = Stone\nL = Oak Log\nI = Iron Ingot\nT = Torch\nR = Rabbit Foot\nSx16  |  Ix8  |  Sx16\nTx8 |  Rx1  | Tx8\nSx32 |  Lx8  | Sx32",
    "frame": "task",
    "show_toast": false,
    "announce_to_chat": false,
    "hidden": false
  },
  "rewards": {
    "function": "skunkmunkee:siteplanner/build_rabbit_shrine"
  },
  "criteria": {
    "open-dropper": {
      "trigger": "minecraft:item_used_on_block",
      "conditions": {
        "location": {
          "block": {
            "block": "dropper",
			"nbt":"{Items:[{Slot:0b,id:\"minecraft:stone\",Count:16b},{Slot:1b,id:\"minecraft:iron_ingot\",Count:8b},{Slot:2b,id:\"minecraft:stone\",Count:16b},{Slot:3b,id:\"minecraft:torch\",Count:8b},{Slot:4b,id:\"minecraft:rabbit_foot\",Count:1b},{Slot:5b,id:\"minecraft:torch\",Count:8b},{Slot:6b,id:\"minecraft:stone\",Count:32b},{Slot:7b,id:\"minecraft:oak_log\",Count:8b},{Slot:8b,id:\"minecraft:stone\",Count:32b}]}"
          }
        }
      }
    }
  }
}