{
  "parent": "skunkmunkee:recipes/functional",
  "display": {
    "icon": {
      "item": "minecraft:pumpkin"
    },
    "title": "Pumpkin Field Crafting",
    "description": "P = Pumpkin Seed\nG = Gravel\nL = Oak Log\nS = Stone\nI = Iron Ingot\nT = Torch\nH = Stone Hoe\nW = Water Bucket (not returned)\nIx8   |  H  | Lx4\nGx16 |  W  | Tx10\nSx8  | Px8 | Sx8",
    "frame": "task",
    "show_toast": false,
    "announce_to_chat": false,
    "hidden": false
  },
  "rewards": {
    "function": "skunkmunkee:siteplanner/build_pumpkin_field"
  },
  "criteria": {
    "open-dropper": {
      "trigger": "minecraft:item_used_on_block",
      "conditions": {
        "location": {
          "block": {
            "block": "dropper",
			"nbt":"{Items:[{Slot:0b,id:\"minecraft:iron_ingot\",Count:8b},{Slot:1b,id:\"minecraft:stone_hoe\",Count:1b},{Slot:2b,id:\"minecraft:oak_log\",Count:4b},{Slot:3b,id:\"minecraft:gravel\",Count:16b},{Slot:4b,id:\"minecraft:water_bucket\",Count:1b},{Slot:5b,id:\"minecraft:torch\",Count:10b},{Slot:6b,id:\"minecraft:stone\",Count:8b},{Slot:7b,id:\"minecraft:pumpkin_seeds\",Count:8b},{Slot:8b,id:\"minecraft:stone\",Count:8b}]}"          }
        }
      }
    }
  }
}