{
  "parent": "skunkmunkee:recipes/fountains",
  "display": {
    "icon": {
      "item": "minecraft:golden_sword"
    },
    "title": "Warrior Fountain Crafting",
    "description": "S = Stone\nL = Oak Log\nI = Iron Ingot\nT = Torch\nG = Gold Block\nA = Andesite\nW = Water Bucket (not returned)\nIx8   |  Gx3  | Ix8\nTx16 |   W   | Lx8\nSx32 | Ax16 | Sx32",
    "frame": "task",
    "show_toast": false,
    "announce_to_chat": false,
    "hidden": false
  },
  "rewards": {
    "function": "skunkmunkee:siteplanner/build_statue_fountain"
  },
  "criteria": {
    "open-dropper": {
      "trigger": "minecraft:item_used_on_block",
      "conditions": {
        "location": {
          "block": {
            "block": "dropper",
			"nbt":"{Items:[{Slot:0b,id:\"minecraft:iron_ingot\",Count:8b},{Slot:1b,id:\"minecraft:gold_block\",Count:3b},{Slot:2b,id:\"minecraft:iron_ingot\",Count:8b},{Slot:3b,id:\"minecraft:torch\",Count:16b},{Slot:4b,id:\"minecraft:water_bucket\",Count:1b},{Slot:5b,id:\"minecraft:oak_log\",Count:8b},{Slot:6b,id:\"minecraft:stone\",Count:32b},{Slot:7b,id:\"minecraft:andesite\",Count:16b},{Slot:8b,id:\"minecraft:stone\",Count:32b}]}"
          }
        }
      }
    }
  }
}