{
  "parent": "skunkmunkee:recipes/functional",
  "display": {
    "icon": {
      "item": "minecraft:campfire"
    },
    "title": "Picnic Area Crafting",
    "description": "C = Coal\nI = Iron Ingot\nT = Torch\nL = Oak Log\nS = Stone\nLx6 | Ix8 | Lx6\nTx8 | Cx4 | Tx8\nSx8 | Ix8 | Sx8",
    "frame": "task",
    "show_toast": false,
    "announce_to_chat": false,
    "hidden": false
  },
  "rewards": {
    "function": "skunkmunkee:siteplanner/build_picnic_area"
  },
  "criteria": {
    "open-dropper": {
      "trigger": "minecraft:item_used_on_block",
      "conditions": {
        "location": {
          "block": {
            "block": "dropper",
			"nbt":"{Items:[{Slot:0b,id:\"minecraft:oak_log\",Count:6b},{Slot:1b,id:\"minecraft:iron_ingot\",Count:8b},{Slot:2b,id:\"minecraft:oak_log\",Count:6b},{Slot:3b,id:\"minecraft:torch\",Count:8b},{Slot:4b,id:\"minecraft:coal\",Count:4b},{Slot:5b,id:\"minecraft:torch\",Count:8b},{Slot:6b,id:\"minecraft:stone\",Count:8b},{Slot:7b,id:\"minecraft:iron_ingot\",Count:8b},{Slot:8b,id:\"minecraft:stone\",Count:8b}]}"
          }
        }
      }
    }
  }
}