{
  "parent": "skunkmunkee:recipes/fountains",
  "display": {
    "icon": {
      "item": "minecraft:blue_stained_glass"
    },
    "title": "Mystical Fountain Crafting",
    "description": "I = Iron Ingot\nT = Torches\nL = Oak Log\nS = Stone\nG = Glass\nD = Diamond\nW = Water Bucket (not returned)\nIx12  |  Gx6  | Tx16\nLx8   |  Dx1  | Lx8\nSx16 |    W    | Sx16",
    "frame": "task",
    "show_toast": false,
    "announce_to_chat": false,
    "hidden": false
  },
  "rewards": {
    "function": "skunkmunkee:siteplanner/build_mystical_fountain"
  },
  "criteria": {
    "open-dropper": {
      "trigger": "minecraft:item_used_on_block",
      "conditions": {
        "location": {
          "block": {
            "block": "dropper",
			"nbt":"{Items:[{Slot:0b,id:\"minecraft:iron_ingot\",Count:12b},{Slot:1b,id:\"minecraft:glass\",Count:6b},{Slot:2b,id:\"minecraft:torch\",Count:16b},{Slot:3b,id:\"minecraft:oak_log\",Count:8b},{Slot:4b,id:\"minecraft:diamond\",Count:1b},{Slot:5b,id:\"minecraft:oak_log\",Count:8b},{Slot:6b,id:\"minecraft:stone\",Count:16b},{Slot:7b,id:\"minecraft:water_bucket\",Count:1b},{Slot:8b,id:\"minecraft:stone\",Count:16b}]}"
          }
        }
      }
    }
  }
}