{
  "parent": "skunkmunkee:recipes/fountains",
  "display": {
    "icon": {
      "item": "minecraft:stone_bricks"
    },
    "title": "Quad Fountain Crafting",
    "description": "I = Iron Ingot\nS = Stone\nT = Torch\nW = Water Bucket (not returned)\nSx8  | Tx8 | Sx8\nIx4   |  W  |  Ix4\nSx8  | Tx8 | Sx8",
    "frame": "task",
    "show_toast": false,
    "announce_to_chat": false,
    "hidden": false
  },
  "rewards": {
    "function": "skunkmunkee:siteplanner/build_quad_fountain"
  },
  "criteria": {
    "open-dropper": {
      "trigger": "minecraft:item_used_on_block",
      "conditions": {
        "location": {
          "block": {
            "block": "dropper",
			"nbt":"{Items:[{Slot:0b,id:\"minecraft:stone\",Count:8b},{Slot:1b,id:\"minecraft:torch\",Count:8b},{Slot:2b,id:\"minecraft:stone\",Count:8b},{Slot:3b,id:\"minecraft:iron_ingot\",Count:4b},{Slot:4b,id:\"minecraft:water_bucket\",Count:1b},{Slot:5b,id:\"minecraft:iron_ingot\",Count:4b},{Slot:6b,id:\"minecraft:stone\",Count:8b},{Slot:7b,id:\"minecraft:torch\",Count:8b},{Slot:8b,id:\"minecraft:stone\",Count:8b}]}"
          }
        }
      }
    }
  }
}