{
  "parent": "skunkmunkee:recipes/functional",
  "display": {
    "icon": {
      "item": "minecraft:hay_block"
    },
    "title": "Animal Shelter Crafting",
    "description": "H = Hay Bail\nS = Stone\nL = Oak Log\nI = Iron Ingot\nT = Torch\nSx8  |  Ix16  | Sx8\nLx12 |  Hx4  | Lx12\nSx8  |  Tx16  | Sx8",
    "frame": "task",
    "show_toast": false,
    "announce_to_chat": false,
    "hidden": false
  },
  "rewards": {
    "function": "skunkmunkee:siteplanner/build_animal_shelter"
  },
  "criteria": {
    "open-dropper": {
      "trigger": "minecraft:item_used_on_block",
      "conditions": {
        "location": {
          "block": {
            "block": "dropper",
			"nbt":"{Items:[{Slot:0b,id:\"minecraft:stone\",Count:8b},{Slot:1b,id:\"minecraft:iron_ingot\",Count:16b},{Slot:2b,id:\"minecraft:stone\",Count:8b},{Slot:3b,id:\"minecraft:oak_log\",Count:12b},{Slot:4b,id:\"minecraft:hay_block\",Count:4b},{Slot:5b,id:\"minecraft:oak_log\",Count:12b},{Slot:6b,id:\"minecraft:stone\",Count:8b},{Slot:7b,id:\"minecraft:torch\",Count:16b},{Slot:8b,id:\"minecraft:stone\",Count:8b}]}"
          }
        }
      }
    }
  }
}