{
  "parent": "nitex:recipes/root",
  "display": {
    "icon": {
      "item": "minecraft:crafting_table"
    },
    "title": "Blank Rig Crafting",
    "description": "Open a Site Planner with a Blank Rig recipe.",
    "frame": "task",
    "show_toast": false,
    "announce_to_chat": false,
    "hidden": true
  },
  "rewards": {
    "function": "nitex:siteplanner/init_empty"
  },
  "criteria": {
    "open-dropper": {
      "trigger": "minecraft:item_used_on_block",
      "conditions": {
        "location": {
          "block": {
            "block": "dropper",
			"nbt":"{Items:[{Slot:0b,id:\"minecraft:stripped_jungle_log\",Count:16b},{Slot:1b,id:\"minecraft:copper_ingot\",Count:12b},{Slot:2b,id:\"minecraft:stripped_jungle_log\",Count:16b},{Slot:3b,id:\"minecraft:stripped_jungle_log\",Count:16b},{Slot:4b,id:\"minecraft:prismarine_shard\",Count:1b,tag:{HideFlags:1b,display:{Lore:['{\"text\":\"A masterfully crafted\"}','{\"text\":\"mining drill.\"}'],Name:'{\"text\":\"Mining Drill Rig\"}'},Enchantments:[{lvl:0,id:\"minecraft:protection\"}]}},{Slot:5b,id:\"minecraft:stripped_jungle_log\",Count:16b},{Slot:6b,id:\"minecraft:deepslate\",Count:4b},{Slot:7b,id:\"minecraft:deepslate\",Count:4b},{Slot:8b,id:\"minecraft:deepslate\",Count:4b}]}"
          }
        }
      }
    }
  }
}