{
  "parent": "nitdim:nitdim/root",
  "display": {
    "icon": {
      "item": "minecraft:chiseled_nether_bricks"
    },
    "title": "Forgotten Invaders",
    "description": "Find evidence of the Tyrant's past visit to the In Between.",
    "frame": "task",
	"background": "minecraft:textures/block/oak_planks.png",
    "show_toast": true,
    "announce_to_chat": true,
    "hidden": true
  },
  "rewards": {
    "experience": 100
  },
  "criteria": {
    "open-hellbarrel": {
      "trigger": "minecraft:player_generates_container_loot",
      "conditions": {
        "player": [
          {
            "condition": "minecraft:location_check",
            "predicate": {
              "feature": "village",
              "dimension": "nitdim:in_between"
            }
          }
        ],
        "loot_table": "nitco:chest/hellbarrel"
      }
    }
  }
}