{
  "parent": "nitdim:nitdim/root",
  "display": {
    "icon": {
      "item": "minecraft:white_wool"
    },
    "title": "Where are they now?",
    "description": "Explore the remains of a Ruined Town in the In Between.",
    "frame": "task",
	"background": "minecraft:textures/block/oak_planks.png",
    "show_toast": true,
    "announce_to_chat": true,
    "hidden": false
  },
  "rewards": {
    "experience": 100
  },
  "criteria": {
    "open-town-chest": {
      "trigger": "minecraft:player_generates_container_loot",
      "conditions": {
        "player": [
          {
            "condition": "minecraft:location_check",
            "predicate": {
              "feature": "village",
              "dimension": "nitdim:in_between"
            }
          }
        ],
        "loot_table": "nitdim:chest/ruined_town"
      }
    }
  }
}