{
  "display": {
    "icon": {
      "item": "minecraft:written_book"
    },
    "title": "A Twisted Turn",
    "description": "Uncover the complete history of the Illagers in the In Between.",
    "background": "minecraft:textures/block/oak_planks.png",
    "frame": "task",
    "show_toast": true,
    "announce_to_chat": true,
    "hidden": false
  },
  "parent": "nitdim:nitdim/in_between/ruined_town",
  "criteria": {
    "book1": {
      "trigger": "minecraft:inventory_changed",
      "conditions": {
        "items": [
          {
            "item": "minecraft:written_book",
            "nbt": "{generation: 3, pages: ['{\"extra\":[{\"underlined\":true,\"text\":\"Thundsber 6th\"},{\"text\":\"\\\\nIt has been many years since I have breathed a sigh of relief. I admit I was wary at first, when that structure appeared from the glowing Phantom; nothing back home was safe or sacred, so there was no reason to suspect--to hope--that this would be.\"}],\"text\":\"\"}', '{\"extra\":[{\"text\":\"But ho, how much I would have given to feel hope again, and now on the otherside of that wonderous archway, I have it. The portal was wet and filmy, and yet stepping out of it, I became \"},{\"italic\":true,\"text\":\"dry\"},{\"text\":\" for the first time in my life. The clouds in the sky of this world, so sparse and white,\"}],\"text\":\"\"}'], author: \"Unknown\", display: {}, title: \"Settler's Journal #1\", resolved: 1b}"
          }
        ]
      }
    },
    "book2": {
      "trigger": "minecraft:inventory_changed",
      "conditions": {
        "items": [
          {
            "item": "minecraft:written_book",
            "nbt": "{generation: 3, pages: ['{\"extra\":[{\"underlined\":true,\"text\":\"Slimesber 2nd\"},{\"text\":\"\\\\nWe have established a settlement--one of many--here in this world. Scouts have reported many other portals around us, but for the moment, there is no need to explore through them. For all we know, they may take us back home, or somewhere\"}],\"text\":\"\"}', '{\"text\":\"even more dangerous. I for one would choose to protect my family here in this peaceful place.\"}'], author: \"Unknown\", display: {}, title: \"Settler's Journal #2\", resolved: 1b}"
          }
        ]
      }
    },
    "book3": {
      "trigger": "minecraft:inventory_changed",
      "conditions": {
        "items": [
          {
            "item": "minecraft:written_book",
            "nbt": "{generation: 3, pages: ['{\"extra\":[{\"underlined\":true,\"text\":\"Slimesber 5th\"},{\"text\":\"\\\\nWe have begun expanding our settlement into a proper town, planting crops and constructing a bakery for when they may yield. More houses are being developed for more of our people to migrate through the portal and join us. This truly is a\"}],\"text\":\"\"}', '{\"text\":\"wonderous world. If we all live here, we may never need mine, fight, or huddle together from the rain again. My only complaint? Sleeping does become more difficult when the father never moves! But the leaves provide some darkness to close my eyes in.\"}'], author: \"Unknown\", display: {}, title: \"Settler's Journal #3\", resolved: 1b}"
          }
        ]
      }
    },
    "book4": {
      "trigger": "minecraft:inventory_changed",
      "conditions": {
        "items": [
          {
            "item": "minecraft:written_book",
            "nbt": "{generation: 3, pages: ['{\"extra\":[{\"underlined\":true,\"text\":\"Bonesember 7th\"},{\"text\":\"\\\\nA messenger arrived late last night, carrying a haunting tale. Horrific machines of unknown stones and metals appeared suddenly in the sky above his settlement. Terrible, black skeletons slaughtered every living thing there, as pale squids bombarded\"}],\"text\":\"\"}', '{\"text\":\"the buildings from above. This attack--this invasion--eradicated the whole of the town. We must prepare once again to stands against evil.\\\\nHow I wish this world remained as peaceful as they day we arrived.\"}'], author: \"Unknown\", display: {Lore: [\"Part of a journal found\", \"in an In Between village.\"]}, title: \"Settler's Journal #4\", resolved: 1b}"
          }
        ]
      }
    },
    "book5": {
      "trigger": "minecraft:inventory_changed",
      "conditions": {
        "items": [
          {
            "item": "minecraft:written_book",
            "nbt": "{generation: 3, pages: ['{\"extra\":[{\"underlined\":true,\"text\":\"Rainsuary 1st\"},{\"text\":\"\\\\nIt took two months to erect a headstone for all of the dead. A battlefield graveyard, none marked. We could not tell the bones of the villagers from the invaders; their bones were all blackened and crumbling.\\\\nHundreds of us, from all across the\"}],\"text\":\"\"}', '{\"text\":\"In Between. And only a dozen left. We pushed back those horrible creatures, and that thing... That Tyrant. But Regalli believes it will be back.\\\\nWe will return to our village in the morning. I hope I can hold back my tears when I look into my daughter\\'s eyes again.\"}'], author: \"Unknown\", display: {}, title: \"Settler's Journal #5\", resolved: 1b}"
          }
        ]
      }
    },
    "book6": {
      "trigger": "minecraft:inventory_changed",
      "conditions": {
        "items": [
          {
            "item": "minecraft:written_book",
            "nbt": "{generation: 3, pages: ['{\"extra\":[{\"underlined\":true,\"text\":\"Rainsuary 3rd\"},{\"text\":\"\\\\nWe came to this world, and for the first time, felt hope and peace. But the Tyrant took that from us--took everything from us. The others are beginning to lay out their plans; we will go through the other portals, to explore these new worlds. We\"}],\"text\":\"\"}', '{\"text\":\"must find a way to survive. A way to live again, to never lose another man, woman, or child to that immortal Wither. Regalli talks of stealing its immortality. I would be satisfied with replicating it.\\\\nIf my family must remain dead, then I will live forever with my\"}', '{\"text\":\"people to avenge them.\"}'], author: \"Unknown\", display: {Lore: [\"Part of a journal found\", \"in an In Between village.\"]}, title: \"Settler's Journal #6\", resolved: 1b}"
          }
        ]
      }
    },
    "book7": {
      "trigger": "minecraft:inventory_changed",
      "conditions": {
        "items": [
          {
            "item": "minecraft:written_book",
            "nbt": "{generation: 3, pages: ['{\"extra\":[{\"underlined\":true,\"text\":\"Rainsuary 4th\"},{\"text\":\"\\\\nThe plan is set. I will go with Rexial to the land we have come to call the Primordial Desert. The hog creatures there are fierce, but scouts that brought back the more civilized pigs for trade discovered that they quickly succumbed to undeath.\"}],\"text\":\"\"}', '{\"text\":\"If we can learn the nature of this transformation, perhaps we can harness it and live, ourselves, in undeath.\\\\nRaiden will take a team of scientists to that dark and murky place, the Buried Ocean. Some others hope to follow and seek out treasures in its\"}', '{\"text\":\"waters, but chiefly, the wizards and witches aim to understand the nature of zombie-ism altogether. Even in a world untouched by life, how can there be death? Raiden\\'s research may help us in the transformation Rexial seeks to utilize.\\\\nRegalli, meanwhile, has volunteered to return\"}', '{\"text\":\"home. To warn the others. If the Tyrant can come to the In Between, it can come to the Tempest. He will build upon our research in the other dimensions from there, in our shared quest. We will kill the Tyrant, and more than that, we will never be killed again.\"}'], author: \"Unknown\", display: {Lore: [\"Part of a journal found\", \"in an In Between village.\"]}, title: \"Settler's Journal #7\", resolved: 1b}"
          }
        ]
      }
    }
  },
  "rewards": {
    "experience": 1000
  }
}