{
  "config": {
    "feature": {
      "config": {
        "contents": {
          "Properties":
          {
            "snowy":"false"
          },
          "Name": "minecraft:mycelium"
        },
        "rim": {
          "Name": "minecraft:infested_cobblestone"
        },
        "size": {
				  "type": "minecraft:uniform",
				  "value": {
					"min_inclusive": 2,
                    "max_inclusive": 6
				  }
                },
        "rim_size": {
				  "type": "minecraft:uniform",
				  "value": {
					"min_inclusive": 0,
                    "max_inclusive": 0
				  }
                }
      },
      "type": "minecraft:delta_feature",
      "name": "starmute:mycelium_delta"
    },
    "decorator": {
      "config": {
        "count": 10
      },
      "type": "minecraft:count_multilayer"
    }
  },
  "type": "minecraft:decorated"
}