{
  "config": {
    "feature": {
      "config": {
        "feature": {
          "config": {
            "can_replace": false,
            "project": true,
            "need_water": false,
            "xspread": 4,
            "yspread": 0,
            "zspread": 4,
            "whitelist": [],
            "blacklist": [],
            "tries": 6,
            "state_provider": {
              "entries": [
                {
				  "weight": 8,
				  "data": {
				    "Name": "minecraft:wither_rose"
				  }
				},
				{
				  "weight": 4,
				  "data": {
				    "Name": "minecraft:stone_brick_wall",
					"Properties": {
					  "east": "none",
					  "west": "none",
					  "north": "none",
					  "south": "none",
					  "up": "true",
					  "waterlogged": "false"
					}
				  }
				},
				{
				  "weight": 4,
				  "data": {
				    "Name": "minecraft:mossy_stone_brick_wall",
					"Properties": {
					  "east": "none",
					  "west": "none",
					  "north": "none",
					  "south": "none",
					  "up": "true",
					  "waterlogged": "false"
					}
				  }
				},
				{
				  "weight": 4,
				  "data": {
				    "Name": "minecraft:mossy_cobblestone_wall",
					"Properties": {
					  "east": "none",
					  "west": "none",
					  "north": "none",
					  "south": "none",
					  "up": "true",
					  "waterlogged": "false"
					}
				  }
				},
				{
				  "weight": 1,
				  "data": {
				    "Name": "minecraft:chiseled_stone_bricks"
				  }
				},
				{
				  "weight": 3,
				  "data": {
				    "Name": "minecraft:polished_blackstone_wall",
					"Properties": {
					  "east": "none",
					  "west": "none",
					  "north": "none",
					  "south": "none",
					  "up": "true",
					  "waterlogged": "false"
					}
				  }
				},
				{
				  "weight": 3,
				  "data": {
				    "Name": "minecraft:polished_blackstone_brick_wall",
					"Properties": {
					  "east": "none",
					  "west": "none",
					  "north": "none",
					  "south": "none",
					  "up": "true",
					  "waterlogged": "false"
					}
				  }
				}
              ],
              "type": "minecraft:weighted_state_provider"
            },
            "block_placer": {
              "type": "minecraft:simple_block_placer"
            }
          },
          "type": "minecraft:random_patch"
        },
        "decorator": {
          "config": {
            "outer": {
              "config": {},
              "type": "minecraft:square"
            },
            "inner": {
              "config": {
                "heightmap": "MOTION_BLOCKING"
              },
              "type": "minecraft:heightmap_spread_double"
            }
          },
          "type": "minecraft:decorated"
        }
      },
      "type": "minecraft:decorated"
    },
    "decorator": {
      "config": {
        "count": 5
      },
      "type": "minecraft:count"
    }
  },
  "type": "minecraft:decorated"
}