{
  "type": "minecraft:decorated",
  "config": {
    "decorator": {
      "type": "minecraft:count_extra",
      "config": {
        "count": 256,
        "extra_count": 256,
        "extra_chance": 1
      }
    },
    "feature": {
      "type": "minecraft:decorated",
      "config": {
        "decorator": {
          "type": "minecraft:square",
          "config": {}
        },
        "feature": {
          "type": "minecraft:decorated",
          "config": {
            "decorator": {
              "type": "minecraft:range",
              "config": {
				"height": {
				"type": "minecraft:uniform",
                "min_inclusive": {
				  "above_bottom": 0
				},
				"max_inclusive": {
				  "below_top": 0
				}
				}
              }
            },
            "feature": {
              "type": "minecraft:netherrack_replace_blobs",
              "config": {
                "state": {
                  "Name": "minecraft:packed_ice"
                },
                "target": {
                  "Name": "minecraft:basalt",
                  "Properties": {
                    "axis": "y"
                  }
                },
                "radius": {
				  "type": "minecraft:uniform",
				  "value": {
					"min_inclusive": 12,
                    "max_inclusive": 12
				  }
                }
              }
            }
          }
        }
      }
    }
  }
}