{
  "config": {
    "feature": {
      "config": {
        "contents": {
          "Properties": {
            "level": "0"
          },
          "Name": "minecraft:water"
        },
        "rim": {
          "Name": "minecraft:sea_lantern"
        },
        "size": {
				  "type": "minecraft:uniform",
				  "value": {
					"min_inclusive": 1,
                    "max_inclusive": 3
				  }
                },
        "rim_size": {
				  "type": "minecraft:uniform",
				  "value": {
					"min_inclusive": 3,
                    "max_inclusive": 7
				  }
                }
      },
      "type": "minecraft:delta_feature"
    },
    "decorator": {
      "config": {
        "count": 40
      },
      "type": "minecraft:count_multilayer"
    }
  },
  "type": "minecraft:decorated"
}