{
  "type": "minecraft:command",
  "pools": [
    {
      "rolls": 12,
      "entries": [
        {
          "type": "minecraft:group",
          "children": [
            {
              "type": "minecraft:item",
              "weight": 1,
              "name": "minecraft:magma_cream"
            },
            {
              "type": "minecraft:item",
              "weight": 1,
              "name": "minecraft:basalt"
            },
            {
              "type": "minecraft:item",
              "weight": 1,
              "name": "minecraft:blackstone"
            },
            {
              "type": "minecraft:item",
              "weight": 1,
              "name": "minecraft:magma_block"
            }
          ],
          "conditions": [
            {
              "condition": "minecraft:location_check",
              "predicate": {
                "biome": "minecraft:basalt_deltas"
              }
            }
          ]
        },
        {
          "type": "minecraft:group",
          "children": [
            {
              "type": "minecraft:item",
              "weight": 1,
              "name": "minecraft:soul_sand"
            },
            {
              "type": "minecraft:item",
              "weight": 1,
              "name": "minecraft:soul_soil"
            },
            {
              "type": "minecraft:item",
              "weight": 1,
              "name": "minecraft:quartz"
            },
            {
              "type": "minecraft:item",
              "weight": 1,
              "name": "minecraft:bone"
            }
          ],
          "conditions": [
            {
              "condition": "minecraft:location_check",
              "predicate": {
                "biome": "minecraft:soul_sand_valley"
              }
            }
          ]
        },
        {
          "type": "minecraft:group",
          "children": [
            {
              "type": "minecraft:item",
              "weight": 1,
              "name": "minecraft:netherrack"
            },
            {
              "type": "minecraft:item",
              "weight": 1,
              "name": "minecraft:gold_nugget"
            },
            {
              "type": "minecraft:item",
              "weight": 1,
              "name": "minecraft:magma_block"
            },
            {
              "type": "minecraft:item",
              "weight": 1,
              "name": "minecraft:rotten_flesh"
            }
          ],
          "conditions": [
            {
              "condition": "minecraft:location_check",
              "predicate": {
                "biome": "minecraft:nether_wastes"
              }
            }
          ]
        },
        {
          "type": "minecraft:group",
          "children": [
            {
              "type": "minecraft:item",
              "weight": 1,
              "name": "minecraft:porkchop"
            },
            {
              "type": "minecraft:item",
              "weight": 1,
              "name": "minecraft:crimson_fungus"
            },
            {
              "type": "minecraft:item",
              "weight": 1,
              "name": "minecraft:crimson_stem"
            },
            {
              "type": "minecraft:item",
              "weight": 1,
              "name": "minecraft:weeping_vines"
            }
          ],
          "conditions": [
            {
              "condition": "minecraft:location_check",
              "predicate": {
                "biome": "minecraft:crimson_forest"
              }
            }
          ]
        },
        {
          "type": "minecraft:group",
          "children": [
            {
              "type": "minecraft:item",
              "weight": 1,
              "name": "minecraft:warped_fungus"
            },
            {
              "type": "minecraft:item",
              "weight": 1,
              "name": "minecraft:warped_stem"
            },
            {
              "type": "minecraft:item",
              "weight": 1,
              "name": "minecraft:ender_pearl"
            },
            {
              "type": "minecraft:item",
              "weight": 1,
              "name": "minecraft:twisting_vines"
            }
          ],
          "conditions": [
            {
              "condition": "minecraft:location_check",
              "predicate": {
                "biome": "minecraft:warped_forest"
              }
            }
          ]
        },
        {
          "type": "minecraft:group",
          "children": [
            {
              "type": "minecraft:item",
              "weight": 1,
              "name": "minecraft:magma_cream"
            },
            {
              "type": "minecraft:item",
              "weight": 1,
              "name": "minecraft:basalt"
            },
            {
              "type": "minecraft:item",
              "weight": 1,
              "name": "minecraft:blackstone"
            },
            {
              "type": "minecraft:item",
              "weight": 1,
              "name": "minecraft:magma_block"
            }
          ],
          "conditions": [
            {
              "condition": "minecraft:location_check",
              "predicate": {
                "biome": "starmute:basalt_deltas_cooled"
              }
            }
          ]
        },
        {
          "type": "minecraft:group",
          "children": [
            {
              "type": "minecraft:item",
              "weight": 1,
              "name": "minecraft:magma_cream"
            },
            {
              "type": "minecraft:item",
              "weight": 1,
              "name": "minecraft:basalt"
            },
            {
              "type": "minecraft:item",
              "weight": 1,
              "name": "minecraft:blackstone"
            },
            {
              "type": "minecraft:item",
              "weight": 1,
              "name": "minecraft:magma_block"
            }
          ],
          "conditions": [
            {
              "condition": "minecraft:location_check",
              "predicate": {
                "biome": "starmute:basalt_deltas_ex"
              }
            }
          ]
        },
        {
          "type": "minecraft:group",
          "children": [
            {
              "type": "minecraft:item",
              "weight": 1,
              "name": "minecraft:porkchop"
            },
            {
              "type": "minecraft:item",
              "weight": 1,
              "name": "minecraft:crimson_fungus"
            },
            {
              "type": "minecraft:item",
              "weight": 1,
              "name": "minecraft:crimson_stem"
            },
            {
              "type": "minecraft:item",
              "weight": 1,
              "name": "minecraft:weeping_vines"
            }
          ],
          "conditions": [
            {
              "condition": "minecraft:location_check",
              "predicate": {
                "biome": "starmute:crimson_forest_s"
              }
            }
          ]
        },
        {
          "type": "minecraft:group",
          "children": [
            {
              "type": "minecraft:item",
              "weight": 1,
              "name": "minecraft:porkchop"
            },
            {
              "type": "minecraft:item",
              "weight": 1,
              "name": "minecraft:crimson_fungus"
            },
            {
              "type": "minecraft:item",
              "weight": 1,
              "name": "minecraft:crimson_stem"
            },
            {
              "type": "minecraft:item",
              "weight": 1,
              "name": "minecraft:weeping_vines"
            }
          ],
          "conditions": [
            {
              "condition": "minecraft:location_check",
              "predicate": {
                "biome": "starmute:crimson_forest_z"
              }
            }
          ]
        },
        {
          "type": "minecraft:group",
          "children": [
            {
              "type": "minecraft:item",
              "weight": 1,
              "name": "minecraft:gilded_blackstone"
            },
            {
              "type": "minecraft:item",
              "weight": 1,
              "name": "minecraft:coal"
            },
            {
              "type": "minecraft:item",
              "weight": 1,
              "name": "minecraft:bone"
            },
            {
              "type": "minecraft:item",
              "weight": 1,
              "name": "minecraft:porkchop"
            }
          ],
          "conditions": [
            {
              "condition": "minecraft:location_check",
              "predicate": {
                "biome": "starmute:cursed_forest"
              }
            }
          ]
        },
        {
          "type": "minecraft:group",
          "children": [
            {
              "type": "minecraft:item",
              "weight": 1,
              "name": "minecraft:gilded_blackstone"
            },
            {
              "type": "minecraft:item",
              "weight": 1,
              "name": "minecraft:coal"
            },
            {
              "type": "minecraft:item",
              "weight": 1,
              "name": "minecraft:bone"
            },
            {
              "type": "minecraft:item",
              "weight": 1,
              "name": "minecraft:phantom_membrane"
            }
          ],
          "conditions": [
            {
              "condition": "minecraft:location_check",
              "predicate": {
                "biome": "starmute:withered_forest"
              }
            }
          ]
        },
        {
          "type": "minecraft:group",
          "children": [
            {
              "type": "minecraft:item",
              "weight": 1,
              "name": "minecraft:gilded_blackstone"
            },
            {
              "type": "minecraft:item",
              "weight": 1,
              "name": "minecraft:coal"
            },
            {
              "type": "minecraft:item",
              "weight": 1,
              "name": "minecraft:bone"
            },
            {
              "type": "minecraft:item",
              "weight": 1,
              "name": "minecraft:phantom_membrane"
            }
          ],
          "conditions": [
            {
              "condition": "minecraft:location_check",
              "predicate": {
                "biome": "starmute:withered_forest_a"
              }
            }
          ]
        },
        {
          "type": "minecraft:group",
          "children": [
            {
              "type": "minecraft:item",
              "weight": 1,
              "name": "minecraft:red_sand"
            },
            {
              "type": "minecraft:item",
              "weight": 1,
              "name": "minecraft:redstone"
            },
            {
              "type": "minecraft:item",
              "weight": 1,
              "name": "minecraft:glowstone_dust"
            },
            {
              "type": "minecraft:item",
              "weight": 1,
              "name": "minecraft:red_sandstone"
            }
          ],
          "conditions": [
            {
              "condition": "minecraft:location_check",
              "predicate": {
                "biome": "starmute:infernal_dunes"
              }
            }
          ]
        },
        {
          "type": "minecraft:group",
          "children": [
            {
              "type": "minecraft:item",
              "weight": 1,
              "name": "minecraft:red_sand"
            },
            {
              "type": "minecraft:item",
              "weight": 1,
              "name": "minecraft:redstone"
            },
            {
              "type": "minecraft:item",
              "weight": 1,
              "name": "minecraft:glowstone_dust"
            },
            {
              "type": "minecraft:item",
              "weight": 1,
              "name": "minecraft:red_sandstone"
            }
          ],
          "conditions": [
            {
              "condition": "minecraft:location_check",
              "predicate": {
                "biome": "starmute:purified_dunes"
              }
            }
          ]
        },
        {
          "type": "minecraft:group",
          "children": [
            {
              "type": "minecraft:item",
              "weight": 1,
              "name": "minecraft:red_sand"
            },
            {
              "type": "minecraft:item",
              "weight": 1,
              "name": "minecraft:redstone"
            },
            {
              "type": "minecraft:item",
              "weight": 1,
              "name": "minecraft:glowstone_dust"
            },
            {
              "type": "minecraft:item",
              "weight": 1,
              "name": "minecraft:red_sandstone"
            }
          ],
          "conditions": [
            {
              "condition": "minecraft:location_check",
              "predicate": {
                "biome": "starmute:polluted_dunes"
              }
            }
          ]
        },
        {
          "type": "minecraft:group",
          "children": [
            {
              "type": "minecraft:item",
              "weight": 1,
              "name": "minecraft:soul_sand"
            },
            {
              "type": "minecraft:item",
              "weight": 1,
              "name": "minecraft:soul_soil"
            },
            {
              "type": "minecraft:item",
              "weight": 1,
              "name": "minecraft:nether_wart"
            },
            {
              "type": "minecraft:item",
              "weight": 1,
              "name": "minecraft:bone"
            }
          ],
          "conditions": [
            {
              "condition": "minecraft:location_check",
              "predicate": {
                "biome": "starmute:nether_wart_valley"
              }
            }
          ]
        },
        {
          "type": "minecraft:group",
          "children": [
            {
              "type": "minecraft:item",
              "weight": 1,
              "name": "minecraft:soul_sand"
            },
            {
              "type": "minecraft:item",
              "weight": 1,
              "name": "minecraft:soul_soil"
            },
            {
              "type": "minecraft:item",
              "weight": 1,
              "name": "minecraft:quartz"
            },
            {
              "type": "minecraft:item",
              "weight": 1,
              "name": "minecraft:bone"
            }
          ],
          "conditions": [
            {
              "condition": "minecraft:location_check",
              "predicate": {
                "biome": "starmute:soul_sand_valley_d"
              }
            }
          ]
        },
        {
          "type": "minecraft:group",
          "children": [
            {
              "type": "minecraft:item",
              "weight": 1,
              "name": "minecraft:ghast_tear"
            },
            {
              "type": "minecraft:item",
              "weight": 1,
              "name": "minecraft:quartz_block"
            },
            {
              "type": "minecraft:item",
              "weight": 1,
              "name": "minecraft:quartz"
            },
            {
              "type": "minecraft:item",
              "weight": 1,
              "name": "minecraft:bone"
            }
          ],
          "conditions": [
            {
              "condition": "minecraft:location_check",
              "predicate": {
                "biome": "starmute:quartz_flats"
              }
            }
          ]
        },
        {
          "type": "minecraft:group",
          "children": [
            {
              "type": "minecraft:item",
              "weight": 1,
              "name": "minecraft:ghast_tear"
            },
            {
              "type": "minecraft:item",
              "weight": 1,
              "name": "minecraft:quartz_block"
            },
            {
              "type": "minecraft:item",
              "weight": 1,
              "name": "minecraft:quartz"
            },
            {
              "type": "minecraft:item",
              "weight": 1,
              "name": "minecraft:bone"
            }
          ],
          "conditions": [
            {
              "condition": "minecraft:location_check",
              "predicate": {
                "biome": "starmute:quartz_hills"
              }
            }
          ]
        },
        {
          "type": "minecraft:group",
          "children": [
            {
              "type": "minecraft:item",
              "weight": 1,
              "name": "minecraft:slime_ball"
            },
            {
              "type": "minecraft:item",
              "weight": 1,
              "name": "minecraft:blackstone"
            },
            {
              "type": "minecraft:item",
              "weight": 1,
              "name": "minecraft:green_stained_glass"
            },
            {
              "type": "minecraft:item",
              "weight": 1,
              "name": "minecraft:magma_block"
            }
          ],
          "conditions": [
            {
              "condition": "minecraft:location_check",
              "predicate": {
                "biome": "starmute:toxic_heap"
              }
            }
          ]
        },
        {
          "type": "minecraft:group",
          "children": [
            {
              "type": "minecraft:item",
              "weight": 1,
              "name": "minecraft:slime_ball"
            },
            {
              "type": "minecraft:item",
              "weight": 1,
              "name": "minecraft:blackstone"
            },
            {
              "type": "minecraft:item",
              "weight": 1,
              "name": "minecraft:green_stained_glass"
            },
            {
              "type": "minecraft:item",
              "weight": 1,
              "name": "minecraft:magma_block"
            }
          ],
          "conditions": [
            {
              "condition": "minecraft:location_check",
              "predicate": {
                "biome": "starmute:toxic_springs"
              }
            }
          ]
        },
        {
          "type": "minecraft:group",
          "children": [
            {
              "type": "minecraft:item",
              "weight": 1,
              "name": "minecraft:slime_ball"
            },
            {
              "type": "minecraft:item",
              "weight": 1,
              "name": "minecraft:blackstone"
            },
            {
              "type": "minecraft:item",
              "weight": 1,
              "name": "minecraft:green_stained_glass"
            },
            {
              "type": "minecraft:item",
              "weight": 1,
              "name": "minecraft:magma_block"
            }
          ],
          "conditions": [
            {
              "condition": "minecraft:location_check",
              "predicate": {
                "biome": "starmute:voltaic_heap"
              }
            }
          ]
        },
        {
          "type": "minecraft:group",
          "children": [
            {
              "type": "minecraft:item",
              "weight": 1,
              "name": "minecraft:warped_fungus"
            },
            {
              "type": "minecraft:item",
              "weight": 1,
              "name": "minecraft:warped_stem"
            },
            {
              "type": "minecraft:item",
              "weight": 1,
              "name": "minecraft:ender_pearl"
            },
            {
              "type": "minecraft:item",
              "weight": 1,
              "name": "minecraft:twisting_vines"
            }
          ],
          "conditions": [
            {
              "condition": "minecraft:location_check",
              "predicate": {
                "biome": "starmute:warped_forest_d"
              }
            }
          ]
        },
        {
          "type": "minecraft:group",
          "children": [
            {
              "type": "minecraft:item",
              "weight": 1,
              "name": "minecraft:warped_fungus"
            },
            {
              "type": "minecraft:item",
              "weight": 1,
              "name": "minecraft:warped_stem"
            },
            {
              "type": "minecraft:item",
              "weight": 1,
              "name": "minecraft:ender_pearl"
            },
            {
              "type": "minecraft:item",
              "weight": 1,
              "name": "minecraft:twisting_vines"
            }
          ],
          "conditions": [
            {
              "condition": "minecraft:location_check",
              "predicate": {
                "biome": "starmute:warped_plains"
              }
            }
          ]
        },
        {
          "type": "minecraft:group",
          "children": [
            {
              "type": "minecraft:item",
              "weight": 1,
              "name": "minecraft:netherrack"
            },
            {
              "type": "minecraft:item",
              "weight": 1,
              "name": "minecraft:gold_nugget"
            },
            {
              "type": "minecraft:item",
              "weight": 1,
              "name": "minecraft:magma_block"
            },
            {
              "type": "minecraft:item",
              "weight": 1,
              "name": "minecraft:rotten_flesh"
            }
          ],
          "conditions": [
            {
              "condition": "minecraft:location_check",
              "predicate": {
                "biome": "minecraft:z_nether_caverns"
              }
            }
          ]
        }
      ]
    }
  ]
}