{
  "type": "nitdim:buried_ocean",
  "generator": {
    "biome_source": {
      "seed": -7225113498629870080,
      "large_biomes": false,
      "type": "minecraft:multi_noise",
	  "humidity_noise": {
		"firstOctave": -7,
		"amplitudes": [
		1.0,
		1.0
		]
	  },
	  "altitude_noise": {
		"firstOctave": -8,
		"amplitudes": [
		1.0,
		1.0
		]
	  },
	  "weirdness_noise": {
		"firstOctave": -8,
		"amplitudes": [
		1.0,
		1.0
		]
	  },
	  "temperature_noise": {
		"firstOctave": -9,
		"amplitudes": [
		1.0,
		1.0
		]
	  },
	  "biomes": [
		{
			"biome": "nitdim:buried_ocean/deep_dark_sea",
			"parameters": {
				"temperature": -0.6,
				"humidity": 0,
				"altitude": 0,
				"weirdness": 0,
				"offset": 0
			}
		},
		{
			"biome": "nitdim:buried_ocean/ancient_sea_edge",
			"parameters": {
				"temperature": -0.7,
				"humidity": 0,
				"altitude": 0,
				"weirdness": 0,
				"offset": 0
			}
		},
		{
			"biome": "nitdim:buried_ocean/ancient_sea",
			"parameters": {
				"temperature": -0.8,
				"humidity": 0,
				"altitude": 0,
				"weirdness": 0,
				"offset": 0
			}
		},
		{
			"biome": "nitdim:buried_ocean/pristine_sea",
			"parameters": {
				"temperature": 0,
				"humidity": 0,
				"altitude": 0,
				"weirdness": 0.5,
				"offset": 0
			}
		},
		{
			"biome": "nitdim:buried_ocean/mystic_shelf",
			"parameters": {
				"temperature": 0,
				"humidity": 0,
				"altitude": 0,
				"weirdness": 0.6,
				"offset": 0
			}
		},
		{
			"biome": "nitdim:buried_ocean/mystic_roughs",
			"parameters": {
				"temperature": 0,
				"humidity": 0,
				"altitude": 0,
				"weirdness": 0.7,
				"offset": 0
			}
		},
		{
			"biome": "nitdim:buried_ocean/sandbar",
			"parameters": {
				"temperature": 0,
				"humidity": -0.5,
				"altitude": 0,
				"weirdness": 0,
				"offset": 0.75
			}
		},
		{
			"biome": "nitdim:buried_ocean/deep_dark_sea",
			"parameters": {
				"temperature": 0,
				"humidity": 0,
				"altitude": 0,
				"weirdness": 0,
				"offset": 0
			}
		},
		{
			"biome": "nitdim:buried_ocean/sandbar",
			"parameters": {
				"temperature": 0,
				"humidity": 0.5,
				"altitude": 0,
				"weirdness": 0,
				"offset": 0.75
			}
		},
		{
			"biome": "nitdim:buried_ocean/pristine_sea",
			"parameters": {
				"temperature": 0,
				"humidity": 0,
				"altitude": -0.4,
				"weirdness": 0,
				"offset": 0
			}
		},
		{
			"biome": "nitdim:buried_ocean/continental_shelf",
			"parameters": {
				"temperature": 0,
				"humidity": 0,
				"altitude": -0.5,
				"weirdness": 0,
				"offset": 0
			}
		},
		{
			"biome": "nitdim:buried_ocean/mushroom_islets",
			"parameters": {
				"temperature": 0,
				"humidity": 0,
				"altitude": -0.6,
				"weirdness": 0,
				"offset": 0
			}
		},
		{
			"biome": "nitdim:buried_ocean/dark_sea",
			"parameters": {
				"temperature": 0,
				"humidity": 0,
				"altitude": 0.3,
				"weirdness": 0,
				"offset": 0
			}
		},
		{
			"biome": "nitdim:buried_ocean/continental_shelf",
			"parameters": {
				"temperature": 0,
				"humidity": 0,
				"altitude": 0.4,
				"weirdness": 0,
				"offset": 0
			}
		},
		{
			"biome": "nitdim:buried_ocean/crawling_caverns",
			"parameters": {
				"temperature": 0,
				"humidity": 0,
				"altitude": 0.5,
				"weirdness": 0,
				"offset": 0
			}
		},
		{
			"biome": "nitdim:buried_ocean/pristine_sea",
			"parameters": {
				"temperature": 0.4,
				"humidity": 0,
				"altitude": 0,
				"weirdness": 0,
				"offset": 0
			}
		},
		{
			"biome": "nitdim:buried_ocean/sandbar",
			"parameters": {
				"temperature": 0.5,
				"humidity": 0,
				"altitude": 0,
				"weirdness": 0,
				"offset": 0
			}
		},
		{
			"biome": "nitdim:buried_ocean/verdant_grove",
			"parameters": {
				"temperature": 0.6,
				"humidity": 0,
				"altitude": 0,
				"weirdness": 0,
				"offset": 0
			}
		}
	  ]
    },
    "seed": -7225113498629870080,
    "settings": "nitdim:buried_ocean",
    "type": "minecraft:noise"
  }
}