{
  "type": "nitdim:in_between",
  "generator": {
    "biome_source": {
      "seed": -7225113498629870080,
      "large_biomes": false,
      "type": "minecraft:multi_noise",
	  "humidity_noise": {
		"firstOctave": -7,
		"amplitudes": [
		1.0,
		1.0
		]
	  },
	  "altitude_noise": {
		"firstOctave": -8,
		"amplitudes": [
		1.0,
		1.0
		]
	  },
	  "weirdness_noise": {
		"firstOctave": -8,
		"amplitudes": [
		1.0,
		1.0
		]
	  },
	  "temperature_noise": {
		"firstOctave": -9,
		"amplitudes": [
		1.0,
		1.0
		]
	  },
	  "biomes": [
		{
			"biome": "nitdim:in_between/sparkling_glacier",
			"parameters": {
				"temperature": 0,
				"humidity": 0,
				"altitude": -0.6,
				"weirdness": 0,
				"offset": 0.2
			}
		},
		{
			"biome": "nitdim:in_between/beach",
			"parameters": {
				"temperature": 0,
				"humidity": 0,
				"altitude": -0.3,
				"weirdness": 0,
				"offset": 0.3
			}
		},
		{
			"biome": "nitdim:in_between/woolen_woods",
			"parameters": {
				"temperature": 0,
				"humidity": 0,
				"altitude": 0,
				"weirdness": 0,
				"offset": 0.0
			}
		},
		{
			"biome": "nitdim:in_between/wooded_hills",
			"parameters": {
				"temperature": 0,
				"humidity": 0,
				"altitude": 0,
				"weirdness": 0.6,
				"offset": 0.4
			}
		},
		{
			"biome": "nitdim:in_between/outskirts",
			"parameters": {
				"temperature": 0,
				"humidity": 0,
				"altitude": 0.3,
				"weirdness": 0,
				"offset": 0.3
			}
		},
		{
			"biome": "nitdim:in_between/battlefield",
			"parameters": {
				"temperature": 0,
				"humidity": 0,
				"altitude": 0.6,
				"weirdness": 0,
				"offset": 0.4
			}
		}
	  ]
    },
    "seed": -7225113498629870080,
    "settings": "nitdim:in_between",
    "type": "minecraft:noise"
  }
}