{
  "type": "nitdim:primordial_desert",
  "generator": {
    "type": "minecraft:noise",
    "seed": -7225113498629870000,
    "biome_source": {
      "type": "minecraft:multi_noise",
      "seed": -7225113498629870000,
      "altitude_noise": {
        "firstOctave": -8,
        "amplitudes": [
          1,
          1
        ]
      },
      "temperature_noise": {
        "firstOctave": -9,
        "amplitudes": [
          1,
          1
        ]
      },
      "humidity_noise": {
        "firstOctave": -7,
        "amplitudes": [
          1,
          1
        ]
      },
      "weirdness_noise": {
        "firstOctave": -6,
        "amplitudes": [
          1.3,
          0.2
        ]
      },
      "biomes": [
        {
          "biome": "nitdim:primordial_desert/oasis",
          "parameters": {
            "altitude": -1,
            "temperature": 0,
            "humidity": 0,
            "weirdness": 0,
            "offset": 0.65
          }
        },
        {
          "biome": "nitdim:primordial_desert/desert",
          "parameters": {
            "altitude": -0.9,
            "temperature": 0,
            "humidity": 0,
            "weirdness": 0.3,
            "offset": 0
          }
        },
        {
          "biome": "nitdim:primordial_desert/dunes",
          "parameters": {
            "altitude": -0.8,
            "temperature": 0,
            "humidity": 0,
            "weirdness": 0,
            "offset": 0.1
          }
        },
        {
          "biome": "nitdim:primordial_desert/desert",
          "parameters": {
            "altitude": -0.7,
            "temperature": 0,
            "humidity": 0,
            "weirdness": 0,
            "offset": 0
          }
        },
        {
          "biome": "nitdim:primordial_desert/dunes",
          "parameters": {
            "altitude": -0.6,
            "temperature": 0,
            "humidity": 0,
            "weirdness": 0,
            "offset": 0.1
          }
        },
        {
          "biome": "nitdim:primordial_desert/oasis",
          "parameters": {
            "altitude": -0.6,
            "temperature": 0,
            "humidity": 0,
            "weirdness": -0.7,
            "offset": 0.6
          }
        },
        {
          "biome": "nitdim:primordial_desert/canyon",
          "parameters": {
            "altitude": -0.5,
            "temperature": 0.4,
            "humidity": 0,
            "weirdness": 0,
            "offset": 0.3
          }
        },
        {
          "biome": "nitdim:primordial_desert/desert",
          "parameters": {
            "altitude": -0.5,
            "temperature": 0,
            "humidity": 0,
            "weirdness": 0,
            "offset": 0
          }
        },
        {
          "biome": "nitdim:primordial_desert/dunes",
          "parameters": {
            "altitude": -0.4,
            "temperature": 0,
            "humidity": 0,
            "weirdness": 0,
            "offset": 0.1
          }
        },
        {
          "biome": "nitdim:primordial_desert/desert",
          "parameters": {
            "altitude": -0.3,
            "temperature": 0,
            "humidity": 0,
            "weirdness": 0,
            "offset": 0
          }
        },
        {
          "biome": "nitdim:primordial_desert/dunes",
          "parameters": {
            "altitude": -0.2,
            "temperature": 0,
            "humidity": 0,
            "weirdness": 0,
            "offset": 0.1
          }
        },
        {
          "biome": "nitdim:primordial_desert/desert",
          "parameters": {
            "altitude": 0,
            "temperature": 0,
            "humidity": 0,
            "weirdness": 0,
            "offset": 0
          }
        },
        {
          "biome": "nitdim:primordial_desert/dunes",
          "parameters": {
            "altitude": 0.2,
            "temperature": 0,
            "humidity": 0,
            "weirdness": 0,
            "offset": 0.1
          }
        },
        {
          "biome": "nitdim:primordial_desert/desert",
          "parameters": {
            "altitude": 0.3,
            "temperature": 0,
            "humidity": 0,
            "weirdness": 0,
            "offset": 0
          }
        },
        {
          "biome": "nitdim:primordial_desert/dunes",
          "parameters": {
            "altitude": 0.4,
            "temperature": 0,
            "humidity": 0,
            "weirdness": 0,
            "offset": 0.1
          }
        },
        {
          "biome": "nitdim:primordial_desert/desert",
          "parameters": {
            "altitude": 0.5,
            "temperature": 0,
            "humidity": 0,
            "weirdness": 0,
            "offset": 0
          }
        },
        {
          "biome": "nitdim:primordial_desert/canyon",
          "parameters": {
            "altitude": 0.5,
            "temperature": 0.4,
            "humidity": 0,
            "weirdness": 0,
            "offset": 0.3
          }
        },
        {
          "biome": "nitdim:primordial_desert/volcano",
          "parameters": {
            "altitude": 0.6,
            "temperature": 0,
            "humidity": 0,
            "weirdness": 0.75,
            "offset": 0.65
          }
        },
        {
          "biome": "nitdim:primordial_desert/dunes",
          "parameters": {
            "altitude": 0.6,
            "temperature": 0,
            "humidity": 0,
            "weirdness": 0,
            "offset": 0.1
          }
        },
        {
          "biome": "nitdim:primordial_desert/desert",
          "parameters": {
            "altitude": 0.7,
            "temperature": 0,
            "humidity": 0,
            "weirdness": 0,
            "offset": 0
          }
        },
        {
          "biome": "nitdim:primordial_desert/dunes",
          "parameters": {
            "altitude": 0.8,
            "temperature": 0,
            "humidity": 0,
            "weirdness": 0,
            "offset": 0.1
          }
        },
        {
          "biome": "nitdim:primordial_desert/desert",
          "parameters": {
            "altitude": 0.9,
            "temperature": 0,
            "humidity": 0,
            "weirdness": 0,
            "offset": 0
          }
        },
        {
          "biome": "nitdim:primordial_desert/volcano",
          "parameters": {
            "altitude": 1,
            "temperature": 0,
            "humidity": 0,
            "weirdness": 0.3,
            "offset": 0.7
          }
        }
      ]
    },
    "settings": "nitdim:primordial_desert"
  }
}