{
  "type": "nitdim:tempest",
  "generator": {
    "type": "minecraft:noise",
    "seed": -7225113498629870000,
    "biome_source": {
      "type": "minecraft:multi_noise",
      "seed": -7225113498629870000,
      "altitude_noise": {
        "firstOctave": -8,
        "amplitudes": [
          1,
          1
        ]
      },
      "temperature_noise": {
        "firstOctave": -9,
        "amplitudes": [
          1,
          1
        ]
      },
      "humidity_noise": {
        "firstOctave": -7,
        "amplitudes": [
          1,
          1
        ]
      },
      "weirdness_noise": {
        "firstOctave": -6,
        "amplitudes": [
          1.3,
          0.2
        ]
      },
      "biomes": [
        {
          "biome": "nitdim:tempest/lightning_fields",
          "parameters": {
            "altitude": 0,
            "temperature": 0,
            "humidity": 0,
            "weirdness": 0,
            "offset": 0
          }
        },
        {
          "biome": "nitdim:tempest/forboding_wood",
          "parameters": {
            "altitude": 0.35,
            "temperature": 0,
            "humidity": 0,
            "weirdness": 0.2,
            "offset": 0.35
          }
        },
        {
          "biome": "nitdim:tempest/stricken_summit",
          "parameters": {
            "altitude": 0.55,
            "temperature": 0,
            "humidity": 0,
            "weirdness": 0.8,
            "offset": 0.7
          }
        },
        {
          "biome": "nitdim:tempest/hailing_wood",
          "parameters": {
            "altitude": 0,
            "temperature": -0.6,
            "humidity": 0,
            "weirdness": 0,
            "offset": 0
          }
        },
        {
          "biome": "nitdim:tempest/glacial_wall",
          "parameters": {
            "altitude": 0,
            "temperature": -0.7,
            "humidity": 0,
            "weirdness": 0.3,
            "offset": 0.5
          }
        },
        {
          "biome": "nitdim:tempest/lake",
          "parameters": {
            "altitude": 0,
            "temperature": 0,
            "humidity": 0.4,
            "weirdness": 0,
            "offset": 0.2
          }
        },
        {
          "biome": "nitdim:tempest/grand_lake",
          "parameters": {
            "altitude": 0,
            "temperature": 0,
            "humidity": 0.8,
            "weirdness": 0,
            "offset": 0.25
          }
        },
        {
          "biome": "nitdim:tempest/frozen_lakes",
          "parameters": {
            "altitude": 0,
            "temperature": -1,
            "humidity": 0.8,
            "weirdness": 0.4,
            "offset": 0.1
          }
        },
        {
          "biome": "nitdim:tempest/slimy_reservoir",
          "parameters": {
            "altitude": -0.35,
            "temperature": 0.2,
            "humidity": -0.75,
            "weirdness": 0,
            "offset": 0.6
          }
        },
        {
          "biome": "nitdim:tempest/stockpile",
          "parameters": {
            "altitude": 0.35,
            "temperature": 0.7,
            "humidity": 0.75,
            "weirdness": 0,
            "offset": 0.275
          }
        }
      ]
    },
    "settings": "nitdim:tempest"
  }
}