{
  "config": {
    "feature": {
      "config": {
        "can_replace": true,
        "project": false,
        "need_water": false,
        "xspread": 7,
        "yspread": 3,
        "zspread": 7,
        "whitelist": [
          {
            "Name": "minecraft:blackstone"
          },
		  {
            "Name": "minecraft:stone"
          },
		  {
            "Name": "minecraft:gravel"
          },
		  {
            "Name": "minecraft:sand"
          },
		  {
            "Name": "minecraft:andesite"
          },
		  {
            "Name": "minecraft:diorite"
          },
		  {
            "Name": "minecraft:sea_lantern"
          },
		  {
            "Name": "minecraft:clay"
          },
		  {
            "Name": "minecraft:prismarine"
          },
		  {
            "Name": "minecraft:deepslate",
			"Properties": {
				"axis": "y"
			}
          }
        ],
        "blacklist": [],
        "tries": 150,
        "state_provider": {
          "type": "minecraft:weighted_state_provider",
          "entries": [
            {
              "weight": 40,
              "data": {
                "Name": "minecraft:dark_prismarine"
              }
            },
            {
              "weight": 10,
              "data": {
                "Name": "minecraft:wet_sponge"
              }
            },
            {
              "weight": 120,
              "data": {
                "Name": "minecraft:prismarine_bricks"
              }
            }
          ]
        },
        "block_placer": {
              "size": {
                "type": "minecraft:biased_to_bottom",
                "value": {
                  "min_inclusive": 1,
                  "max_inclusive": 4
                }
              },
              "type": "minecraft:column_placer"
            }
      },
      "type": "minecraft:random_patch"
    },
    "decorator": {
      "config": {
        "outer": {
          "config": {
            "count": {
				  "type": "minecraft:uniform",
				  "value": {
					"min_inclusive": 10,
                    "max_inclusive": 25
				  }
                }
          },
          "type": "minecraft:count"
        },
        "inner": {
          "config": {
            "outer": {
              "config": {},
              "type": "minecraft:square"
            },
            "inner": {
              "config": {
				"height": {
				"type": "minecraft:uniform",
                "min_inclusive": {
                  "above_bottom": 4
                },
                "max_inclusive": {
                  "below_top": 4
                }
				}
              },
              "type": "minecraft:range"
            }
          },
          "type": "minecraft:decorated"
        }
      },
      "type": "minecraft:decorated"
    }
  },
  "type": "minecraft:decorated"
}