{
  "config": {
    "feature": {
      "config": {
        "state": {
          "Name": "minecraft:prismarine"
        },
        "radius": {
				  "type": "minecraft:uniform",
				  "value": {
					"min_inclusive": 3,
                    "max_inclusive": 5
				  }
                },
        "half_height": 1,
        "targets": [
          {
            "Name": "minecraft:blackstone"
          },
          {
            "Name": "minecraft:sand"
          }
        ]
      },
      "type": "minecraft:disk"
    },
    "decorator": {
      "config": {
        "count": 3
      },
      "type": "minecraft:count_multilayer"
    }
  },
  "type": "minecraft:decorated"
}