{
  "config": {
    "feature": {
      "config": {
        "feature": "nitdim:buried_ocean/patch_end_rod",
        "decorator": {
          "config": {
				"height": {
				"type": "minecraft:uniform",
            "min_inclusive": {
			  "above_bottom": 6
			},
			"max_inclusive": {
			  "below_top": 6
			}
				}
          },
          "type": "minecraft:range"
        }
      },
      "type": "minecraft:decorated"
    },
    "decorator": {
      "config": {
        "count": {
				  "type": "minecraft:uniform",
				  "value": {
					"min_inclusive": 0,
                    "max_inclusive": 1
				  }
                }
      },
      "type": "minecraft:count_multilayer"
    }
  },
  "type": "minecraft:decorated"
}