{
  "config": {
    "feature": {
      "config": {
        "feature": {
          "config": {
            "feature": {
              "config": {
                "can_place_on_wall": true,
                "chance_of_spreading": 0.95,
                "can_be_placed_on": [
                  {
                    "Name": "minecraft:stone"
                  },
                  {
                    "Name": "minecraft:andesite"
                  },
                  {
                    "Name": "minecraft:diorite"
                  },
                  {
                    "Name": "minecraft:granite"
                  },
                  {
                    "Name": "minecraft:dripstone_block"
                  },
                  {
                    "Name": "minecraft:calcite"
                  },
                  {
                    "Name": "minecraft:tuff"
                  },
                  {
                    "Name": "minecraft:sand"
                  },
                  {
                    "Name": "minecraft:gravel"
                  },
                  {
                    "Name": "minecraft:blackstone"
                  },
                  {
                    "Name": "minecraft:gilded_blackstone"
                  },
                  {
                    "Name": "minecraft:grass_block",
					"Properties": {
					  "snowy": "false"
					}
                  },
                  {
                    "Name": "minecraft:dirt"
                  },
                  {
                    "Name": "minecraft:obsidian"
                  },
                  {
                    "Name": "minecraft:crying_obsidian"
                  },
                  {
                    "Name": "minecraft:prismarine"
                  },
                  {
                    "Name": "minecraft:dark_prismarine"
                  }
                ],
                "search_range": 32,
                "can_place_on_floor": true,
                "can_place_on_ceiling": true
              },
              "type": "minecraft:glow_lichen"
            },
            "decorator": {
              "config": {},
              "type": "minecraft:square"
            }
          },
          "type": "minecraft:decorated"
        },
        "decorator": {
          "config": {
				"height": {
				"type": "minecraft:uniform",
            "min_inclusive": {
			  "above_bottom": 6
			},
			"max_inclusive": {
			  "below_top": 6
			}
				}
          },
          "type": "minecraft:range"
        }
      },
      "type": "minecraft:decorated"
    },
    "decorator": {
      "config": {
        "count": {
				  "type": "minecraft:uniform",
				  "value": {
					"min_inclusive": 16,
                    "max_inclusive": 24
				  }
                }
      },
      "type": "minecraft:count"
    }
  },
  "type": "minecraft:decorated"
}