{
  "type": "minecraft:decorated",
  "config": {
    "decorator": {
      "type": "minecraft:count",
      "config": {
        "count": 20
      }
    },
    "feature": {
      "type": "minecraft:decorated",
      "config": {
        "decorator": {
          "type": "minecraft:square",
          "config": {}
        },
        "feature": {
          "type": "minecraft:decorated",
          "config": {
            "decorator": {
              "type": "minecraft:count_multilayer",
              "config": {
                "count": {
				  "type": "minecraft:uniform",
				  "value": {
					"min_inclusive": 40,
                    "max_inclusive": 60
				  }
                }
              }
            },
            "feature": {
              "type": "minecraft:kelp",
              "config": {}
            }
          }
        }
      }
    }
  }
}