{
  "config": {
    "feature": {
      "config": {
        "feature": {
          "config": {
            "feature": {
              "config": {
                "can_place_on_wall": false,
                "chance_of_spreading": 1.0,
                "can_be_placed_on": [
                  {
                    "Name": "minecraft:grass_block",
					"Properties": {
					  "snowy": "false"
					}
                  }
                ],
                "search_range": 64,
                "can_place_on_floor": true,
                "can_place_on_ceiling": false
              },
              "type": "minecraft:glow_lichen"
            },
            "decorator": {
              "config": {},
              "type": "minecraft:square"
            }
          },
          "type": "minecraft:decorated"
        },
        "decorator": {
          "config": {
				"height": {
				"type": "minecraft:uniform",
            "min_inclusive": {
			  "above_bottom": 6
			},
			"max_inclusive": {
			  "below_top": 6
			}
				}
          },
          "type": "minecraft:range"
        }
      },
      "type": "minecraft:decorated"
    },
    "decorator": {
      "config": {
        "count": {
				  "type": "minecraft:uniform",
				  "value": {
					"min_inclusive": 64,
                    "max_inclusive": 128
				  }
                }
      },
      "type": "minecraft:count_multilayer"
    }
  },
  "type": "minecraft:decorated"
}