{
  "type": "minecraft:decorated",
  "config": {
    "decorator": {
      "type": "minecraft:count_multilayer",
      "config": {
        "count": 2
      }
    },
    "feature": {
      "type": "minecraft:huge_fungus",
      "config": {
        "hat_state": {
          "Name": "minecraft:brown_mushroom_block",
          "Properties": {
            "east": "true",
            "west": "true",
            "north": "true",
            "south": "true",
            "up": "true",
            "down": "false"
          }
        },
        "decor_state": {
          "Name": "minecraft:shroomlight"
        },
        "stem_state": {
          "Name": "minecraft:mushroom_stem",
          "Properties": {
            "east": "true",
            "west": "true",
            "north": "true",
            "south": "true",
            "up": "false",
            "down": "false"
          }
        },
        "valid_base_block": {
          "Name": "minecraft:mycelium",
          "Properties": {
            "snowy": "false"
          }
        },
        "planted": false
      }
    }
  }
}