{
  "config": {
    "feature": {
      "config": {
        "hat_state": {
          "Name": "minecraft:acacia_leaves",
		  "Properties": {
            "persistent": "true",
            "distance": "7"
          }
        },
        "decor_state": {
          "Name": "minecraft:sea_lantern"
        },
        "planted": false,
        "valid_base_block": {
          "Name": "minecraft:grass_block",
		  "Properties": {
            "snowy": "false"
          }
        },
        "stem_state": {
          "Properties": {
            "axis": "y"
          },
          "Name": "minecraft:acacia_log"
        }
      },
      "type": "minecraft:huge_fungus"
    },
    "decorator": {
      "config": {
        "count": 2
      },
      "type": "minecraft:count_multilayer"
    }
  },
  "type": "minecraft:decorated"
}