{
  "type": "minecraft:decorated",
  "config": {
    "decorator": {
      "type": "minecraft:count",
      "config": {
        "count": 40
      }
    },
    "feature": {
      "type": "minecraft:decorated",
      "config": {
        "decorator": {
          "type": "minecraft:square",
          "config": {}
        },
        "feature": {
          "type": "minecraft:decorated",
          "config": {
            "decorator": {
              "type": "minecraft:range",
              "config": {
				"height": {
				"type": "minecraft:uniform",
                "min_inclusive": {
				  "above_bottom": 10
				},
				"max_inclusive": {
				  "below_top": 20
				}
				}
			  }
            },
            "feature": {
              "type": "minecraft:ore",
              "config": {
			    "targets": [
                  {
				    "target": {
                      "tag": "minecraft:base_stone_nether",
                      "predicate_type": "minecraft:tag_match"
                    },
                    "state": {
                      "Name": "minecraft:gilded_blackstone"
                    }
				  }
				],
                "size": 10,
                "discard_chance_on_air_exposure": 0.0
              }
            }
          }
        }
      }
    }
  }
}