{
  "type": "minecraft:decorated",
  "config": {
    "decorator": {
      "type": "minecraft:count",
      "config": {
        "count": 10
      }
    },
    "feature": {
      "type": "minecraft:decorated",
      "config": {
        "decorator": {
          "type": "minecraft:square",
          "config": {}
        },
        "feature": {
          "type": "minecraft:decorated",
          "config": {
            "decorator": {
              "type": "minecraft:range",
              "config": {
				"height": {
				"type": "minecraft:uniform",
                "min_inclusive": {
				  "above_bottom": 55
				},
				"max_inclusive": {
				  "below_top": 6
				}
				}
			  }
            },
            "feature": {
              "type": "minecraft:ore",
              "config": {
			    "size": 48,
				"discard_chance_on_air_exposure": 0.0,
				"targets": [
				  {
                    "state": {
                      "Name": "minecraft:cave_air"
                    },
                    "target": {
                      "predicate_type": "minecraft:tag_match",
                      "tag": "minecraft:base_stone_nether"
                    }
				  }
				]
              }
            }
          }
        }
      }
    }
  }
}