{
  "config": {
    "can_replace": false,
    "project": false,
    "need_water": false,
    "xspread": 3,
    "yspread": 3,
    "zspread": 3,
    "whitelist": [],
    "blacklist": [
	  {
	    "Name": "minecraft:acacia_leaves",
		"Properties": {
          "persistent": "true",
          "distance": "7"
        }
	  },
	  {
	    "Name": "minecraft:acacia_log",
		"Properties": {
          "axis": "y"
        }
	  }
	],
    "tries": 64,
    "state_provider": {
      "state": {
        "Name": "minecraft:end_rod",
        "Properties": {
          "facing": "up"
        }
      },
      "type": "minecraft:simple_state_provider"
    },
    "block_placer": {
      "type": "minecraft:simple_block_placer"
    }
  },
  "type": "minecraft:random_patch"
}