{
  "config": {
    "feature": {
      "config": {
        "feature": {
          "config": {
            "can_replace": false,
            "project": false,
            "need_water": false,
            "xspread": 7,
            "yspread": 3,
            "zspread": 7,
            "whitelist": [],
            "blacklist": [],
            "tries": 64,
            "state_provider": {
			  "entries": [
                {
                  "weight": 52,
                  "data": {
                    "Name": "minecraft:grass"
                  }
                },
                {
                  "weight": 35,
                  "data": {
                    "Properties": {
                      "half": "lower"
                    },
                    "Name": "minecraft:tall_grass"
                  }
                },
                {
                  "weight": 13,
                  "data": {
                    "Name": "minecraft:allium"
                  }
                }
              ],
              "type": "minecraft:weighted_state_provider"
            },
            "block_placer": {
              "type": "minecraft:simple_block_placer"
            }
          },
          "type": "minecraft:random_patch"
        },
        "decorator": {
          "config": {
            "outer": {
              "config": {},
              "type": "minecraft:square"
            },
            "inner": {
              "config": {
                "heightmap": "MOTION_BLOCKING"
              },
              "type": "minecraft:heightmap_spread_double"
            }
          },
          "type": "minecraft:decorated"
        }
      },
      "type": "minecraft:decorated"
    },
    "decorator": {
      "config": {
        "count": 35
      },
      "type": "minecraft:count_multilayer"
    }
  },
  "type": "minecraft:decorated"
}