{
  "config": {
    "feature": {
      "config": {
        "feature": {
          "config": {
            "probability": 1.0
          },
          "type": "minecraft:seagrass"
        },
        "decorator": {
          "config": {
            "count": 100
          },
          "type": "minecraft:count"
        }
      },
      "type": "minecraft:decorated"
    },
    "decorator": {
      "config": {
        "outer": {
          "config": {},
          "type": "minecraft:square"
        },
        "inner": {
          "config": {
			    "count": {
				  "type": "minecraft:uniform",
				  "value": {
					"min_inclusive": 3,
                    "max_inclusive": 8
				  }
                }
			  },
          "type": "minecraft:count_multilayer"
        }
      },
      "type": "minecraft:decorated"
    }
  },
  "type": "minecraft:decorated"
}