{
  "type": "minecraft:decorated",
  "config": {
    "decorator": {
      "type": "minecraft:count",
      "config": {
        "count": {
				  "type": "minecraft:uniform",
				  "value": {
					"min_inclusive": 2,
                    "max_inclusive": 4
				  }
                }
      }
    },
    "feature": {
      "type": "minecraft:decorated",
      "config": {
        "decorator": {
          "type": "minecraft:square",
          "config": {}
        },
        "feature": {
          "type": "minecraft:decorated",
          "config": {
            "decorator": {
              "type": "minecraft:range",
              "config": {
				"height": {
				"type": "minecraft:uniform",
                "min_inclusive": {
				  "above_bottom": 16
				},
				"max_inclusive": {
				  "below_top": 24
				}
				}
              }
            },
            "feature": {
              "type": "minecraft:large_dripstone",
              "config": {
                "floor_to_ceiling_search_range": 80,
                "column_radius": {
				  "type": "minecraft:uniform",
				  "value": {
					"min_inclusive": 5,
                    "max_inclusive": 15
				  }
                },
                "height_scale": {
                  "type": "minecraft:uniform",
                  "value": {
                    "min_inclusive": 0.4,
                    "max_exclusive": 2.0
                  }
                },
                "max_column_radius_to_cave_height_ratio": 0.33,
                "stalactite_bluntness": {
                  "type": "minecraft:uniform",
                  "value": {
                    "min_inclusive": 0.3,
                    "max_exclusive": 0.9
                  }
                },
                "stalagmite_bluntness": {
                  "type": "minecraft:uniform",
                  "value": {
                    "min_inclusive": 0.4,
                    "max_exclusive": 1.0
                  }
                },
                "wind_speed": {
                  "type": "minecraft:uniform",
                  "value": {
                    "min_inclusive": 0.0,
                    "max_exclusive": 0.1
                  }
                },
                "min_radius_for_wind": 0,
                "min_bluntness_for_wind": 0
              }
            }
          }
        }
      }
    }
  }
}