{
  "config": {
    "feature": {
      "config": {
        "feature": {
          "config": {
            "feature": {
              "config": {
                "feature": "nitdim:buried_ocean/moss_patch_ceiling",
                "decorator": {
                  "config": {
                    "surface": "ceiling",
                    "floor_to_ceiling_search_range": 48
                  },
                  "type": "minecraft:cave_surface"
                }
              },
              "type": "minecraft:decorated"
            },
            "decorator": {
              "config": {
				"height": {
				"type": "minecraft:uniform",
                "min_inclusive": {
                  "above_bottom": 0
                },
                "max_inclusive": {
                  "below_top": 0
                }
				}
              },
              "type": "minecraft:range"
            }
          },
          "type": "minecraft:decorated"
        },
        "decorator": {
          "config": {},
          "type": "minecraft:square"
        }
      },
      "type": "minecraft:decorated"
    },
    "decorator": {
      "config": {
        "count": 20
      },
      "type": "minecraft:count"
    }
  },
  "type": "minecraft:decorated"
}