{
  "name": "nitdim:buried_ocean/spider_den/fallback_forward",
  "fallback": "minecraft:empty",
  "elements": [
	{
      "weight": 10,
      "element": {
        "location": "nitdim:buried_ocean/spider_den/fallback_forward",
        "processors": "minecraft:empty",
        "projection": "rigid",
        "element_type": "minecraft:single_pool_element"
      }
    },
	{
      "weight": 7,
      "element": {
        "location": "nitdim:buried_ocean/spider_den/fallback_forward_spawner",
        "processors": "minecraft:empty",
        "projection": "rigid",
        "element_type": "minecraft:single_pool_element"
      }
    },
	{
      "weight": 3,
      "element": {
        "location": "nitdim:buried_ocean/spider_den/fallback_forward_spawner_cave",
        "processors": "minecraft:empty",
        "projection": "rigid",
        "element_type": "minecraft:single_pool_element"
      }
    },
	{
      "weight": 5,
      "element": {
        "location": "nitdim:buried_ocean/spider_den/fallback_forward_loot",
        "processors": "minecraft:empty",
        "projection": "rigid",
        "element_type": "minecraft:single_pool_element"
      }
    }
  ]
}