{
  "name": "nitdim:buried_ocean/spider_den/fallback_down",
  "fallback": "minecraft:empty",
  "elements": [
	{
      "weight": 10,
      "element": {
        "location": "nitdim:buried_ocean/spider_den/fallback_down",
        "processors": "minecraft:empty",
        "projection": "rigid",
        "element_type": "minecraft:single_pool_element"
      }
    },
	{
      "weight": 5,
      "element": {
        "location": "nitdim:buried_ocean/spider_den/fallback_down_spawner",
        "processors": "minecraft:empty",
        "projection": "rigid",
        "element_type": "minecraft:single_pool_element"
      }
    },
	{
      "weight": 3,
      "element": {
        "location": "nitdim:buried_ocean/spider_den/fallback_down_loot",
        "processors": "minecraft:empty",
        "projection": "rigid",
        "element_type": "minecraft:single_pool_element"
      }
    }
  ]
}