{
  "name": "nitdim:buried_ocean/spider_den/feature",
  "fallback": "nitdim:buried_ocean/spider_den/feature",
  "elements": [
	{
      "weight": 10,
      "element": {
        "location": "nitdim:buried_ocean/spider_den/feature_blank",
        "processors": "minecraft:empty",
        "projection": "rigid",
        "element_type": "minecraft:single_pool_element"
      }
    },
	{
      "weight": 5,
      "element": {
        "location": "nitdim:buried_ocean/spider_den/feature_spawner",
        "processors": "minecraft:empty",
        "projection": "rigid",
        "element_type": "minecraft:single_pool_element"
      }
    },
	{
      "weight": 3,
      "element": {
        "location": "nitdim:buried_ocean/spider_den/feature_spawner_cave",
        "processors": "minecraft:empty",
        "projection": "rigid",
        "element_type": "minecraft:single_pool_element"
      }
    },
	{
      "weight": 1,
      "element": {
        "location": "nitdim:buried_ocean/spider_den/feature_spawner_loot",
        "processors": "minecraft:empty",
        "projection": "rigid",
        "element_type": "minecraft:single_pool_element"
      }
    },
	{
      "weight": 7,
      "element": {
        "location": "nitdim:buried_ocean/spider_den/feature_rails",
        "processors": "minecraft:empty",
        "projection": "rigid",
        "element_type": "minecraft:single_pool_element"
      }
    },
	{
      "weight": 5,
      "element": {
        "location": "nitdim:buried_ocean/spider_den/feature_rails_loot",
        "processors": "minecraft:empty",
        "projection": "rigid",
        "element_type": "minecraft:single_pool_element"
      }
    },
	{
      "weight": 6,
      "element": {
        "location": "nitdim:buried_ocean/spider_den/feature_loot",
        "processors": "minecraft:empty",
        "projection": "rigid",
        "element_type": "minecraft:single_pool_element"
      }
    }
  ]
}