{
  "name": "nitdim:buried_ocean/spider_den/ladder_down",
  "fallback": "nitdim:buried_ocean/spider_den/fallback_down",
  "elements": [
	{
      "weight": 2,
      "element": {
        "location": "nitdim:buried_ocean/spider_den/shaft_tall",
        "processors": "minecraft:empty",
        "projection": "rigid",
        "element_type": "minecraft:single_pool_element"
      }
    },
	{
      "weight": 3,
      "element": {
        "location": "nitdim:buried_ocean/spider_den/upward_turn",
        "processors": "minecraft:empty",
        "projection": "rigid",
        "element_type": "minecraft:single_pool_element"
      }
    }
  ]
}