{
  "name": "nitdim:buried_ocean/spider_den/ladder_up",
  "fallback": "nitdim:buried_ocean/spider_den/fallback_up",
  "elements": [
	{
      "weight": 2,
      "element": {
        "location": "nitdim:buried_ocean/spider_den/shaft_tall",
        "processors": "minecraft:empty",
        "projection": "rigid",
        "element_type": "minecraft:single_pool_element"
      }
    },
	{
      "weight": 4,
      "element": {
        "location": "nitdim:buried_ocean/spider_den/downward_turn",
        "processors": "minecraft:empty",
        "projection": "rigid",
        "element_type": "minecraft:single_pool_element"
      }
    }
  ]
}