{
  "name": "nitdim:buried_ocean/spider_den/path_forward",
  "fallback": "nitdim:buried_ocean/spider_den/fallback_forward",
  "elements": [
	{
      "weight": 1,
      "element": {
        "location": "nitdim:buried_ocean/spider_den/shaft_tall",
        "processors": "minecraft:empty",
        "projection": "rigid",
        "element_type": "minecraft:single_pool_element"
      }
    },
	{
      "weight": 2,
      "element": {
        "location": "nitdim:buried_ocean/spider_den/shaft_long",
        "processors": "minecraft:empty",
        "projection": "rigid",
        "element_type": "minecraft:single_pool_element"
      }
    },
	{
      "weight": 2,
      "element": {
        "location": "nitdim:buried_ocean/spider_den/shaft_short",
        "processors": "minecraft:empty",
        "projection": "rigid",
        "element_type": "minecraft:single_pool_element"
      }
    },
	{
      "weight": 4,
      "element": {
        "location": "nitdim:buried_ocean/spider_den/shaft_crossroads",
        "processors": "minecraft:empty",
        "projection": "rigid",
        "element_type": "minecraft:single_pool_element"
      }
    }
  ]
}