{
  "parent": "nitk:recipes/recipe_railway",
  "display": {
    "icon": {
      "item": "minecraft:crafting_table"
    },
    "title": "Straight Rail Crafting",
    "description": "Open a Rail Planner with a Straight Rail recipe.",
    "frame": "task",
    "show_toast": false,
    "announce_to_chat": false,
    "hidden": true
  },
  "rewards": {
    "function": "nitk:siteplanner/railway/init_rail_straight"
  },
  "criteria": {
    "open-dropper": {
      "trigger": "minecraft:item_used_on_block",
      "conditions": {
        "location": {
          "block": {
            "block": "dropper",
			"nbt":"{Items:[{Slot:0b,id:\"minecraft:iron_ingot\",Count:1b},{Slot:1b,id:\"minecraft:oak_log\",Count:8b},{Slot:2b,id:\"minecraft:iron_ingot\",Count:1b},{Slot:3b,id:\"minecraft:iron_ingot\",Count:1b},{Slot:4b,id:\"minecraft:redstone\",Count:8b},{Slot:5b,id:\"minecraft:iron_ingot\",Count:1b},{Slot:6b,id:\"minecraft:iron_ingot\",Count:1b},{Slot:7b,id:\"minecraft:stone\",Count:8b},{Slot:8b,id:\"minecraft:iron_ingot\",Count:1b}]}"
          }
        }
      }
    }
  }
}