{
  "parent": "nitk:recipes/root",
  "display": {
    "icon": {
      "item": "minecraft:crafting_table"
    },
    "title": "Haunted Mansion Crafting",
    "description": "Open a Site Planner with a Haunted Mansion recipe.",
    "frame": "task",
    "show_toast": false,
    "announce_to_chat": false,
    "hidden": true
  },
  "rewards": {
    "function": "nitk:siteplanner/init_haunt"
  },
  "criteria": {
    "open-dropper": {
      "trigger": "minecraft:item_used_on_block",
      "conditions": {
        "location": {
          "block": {
            "block": "dropper",
			"nbt":"{Items:[{Slot:0b,id:\"minecraft:bone\",Count:4b},{Slot:1b,id:\"minecraft:jack_o_lantern\",Count:2b},{Slot:2b,id:\"minecraft:bone\",Count:4b},{Slot:3b,id:\"minecraft:oak_log\",Count:16b},{Slot:4b,id:\"minecraft:paper\",Count:1b,tag:{HideFlags:1,display:{Lore:['{\"text\":\"The final ingredient\"}','{\"text\":\"in new town structures.\"}'],Name:'{\"text\":\"Building Permit\"}'},Enchantments:[{lvl:0,id:\"minecraft:protection\"}]}},{Slot:5b,id:\"minecraft:oak_log\",Count:16b},{Slot:6b,id:\"minecraft:cobblestone\",Count:16b},{Slot:7b,id:\"minecraft:music_disc_13\",Count:1b,tag:{HideFlags:1,display:{Lore:['{\"text\":\"A mysterious artifact\"}','{\"text\":\"brought back from the grave.\"}'],Name:'{\"text\":\"Undead Soul\"}'},Enchantments:[{lvl:0,id:\"minecraft:protection\"}]}},{Slot:8b,id:\"minecraft:cobblestone\",Count:16b}]}"
          }
        }
      }
    }
  }
}