{
  "parent": "nitk:recipes/root",
  "display": {
    "icon": {
      "item": "minecraft:crafting_table"
    },
    "title": "End Portal Crafting",
    "description": "Open a Site Planner with an End Portal recipe.",
    "frame": "task",
    "show_toast": false,
    "announce_to_chat": false,
    "hidden": true
  },
  "rewards": {
    "function": "nitk:siteplanner/init_endportal"
  },
  "criteria": {
    "open-dropper": {
      "trigger": "minecraft:item_used_on_block",
      "conditions": {
        "location": {
          "block": {
            "block": "dropper",
			"nbt":"{Items:[{Slot:0b,id:\"minecraft:ender_eye\",Count:6b},{Slot:1b,id:\"minecraft:chain\",Count:16b},{Slot:2b,id:\"minecraft:ender_eye\",Count:6b},{Slot:3b,id:\"minecraft:stone\",Count:32b},{Slot:4b,id:\"minecraft:music_disc_13\",Count:1b,tag:{HideFlags:1,display:{Lore:['{\"text\":\"A dangerous threat\"}','{\"text\":\"for things yet to come.\"}'],Name:'{\"text\":\"End Invasion Plans\"}'},Enchantments:[{lvl:0,id:\"minecraft:protection\"}]}},{Slot:5b,id:\"minecraft:stone\",Count:32b},{Slot:6b,id:\"minecraft:stone\",Count:64b},{Slot:7b,id:\"minecraft:oak_log\",Count:16b},{Slot:8b,id:\"minecraft:stone\",Count:64b}]}"
          }
        }
      }
    }
  }
}