{
  "parent": "nitk:recipes/root",
  "display": {
    "icon": {
      "item": "minecraft:crafting_table"
    },
    "title": "Cathedral Crafting",
    "description": "Open a Site Planner with a Cathedral recipe.",
    "frame": "task",
    "show_toast": false,
    "announce_to_chat": false,
    "hidden": true
  },
  "rewards": {
    "function": "nitk:siteplanner/init_cathedral"
  },
  "criteria": {
    "open-dropper": {
      "trigger": "minecraft:item_used_on_block",
      "conditions": {
        "location": {
          "block": {
            "block": "dropper",
			"nbt":"{Items:[{Slot:0b,id:\"minecraft:glass\",Count:16b},{Slot:1b,id:\"minecraft:oak_log\",Count:16b},{Slot:2b,id:\"minecraft:glass\",Count:16b},{Slot:3b,id:\"minecraft:polished_diorite\",Count:32b},{Slot:4b,id:\"minecraft:paper\",Count:1b,tag:{HideFlags:1,display:{Lore:['{\"text\":\"The final ingredient\"}','{\"text\":\"in new town structures.\"}'],Name:'{\"text\":\"Building Permit\"}'},Enchantments:[{lvl:0,id:\"minecraft:protection\"}]}},{Slot:5b,id:\"minecraft:polished_diorite\",Count:32b},{Slot:6b,id:\"minecraft:stone\",Count:64b},{Slot:7b,id:\"minecraft:music_disc_chirp\",Count:1b,tag:{HideFlags:1,display:{Lore:['{\"text\":\"A mysterious artifact\"}','{\"text\":\"of birth and undeath.\"}'],Name:'{\"text\":\"Builder\\'s Wish\"}'},Enchantments:[{lvl:0,id:\"minecraft:protection\"}]}},{Slot:8b,id:\"minecraft:stone\",Count:64b}]}"
          }
        }
      }
    }
  }
}