{
  "type": "minecraft:chest",
  "pools": [
    {
      "rolls": {
        "type": "minecraft:uniform",
        "min": 15,
        "max": 20
      },
      "entries": [
        {
          "type": "minecraft:item",
          "weight": 3,
          "name": "minecraft:brick",
          "functions": [
            {
              "function": "minecraft:set_count",
              "count": {
			    "type": "minecraft:uniform",
                "min": 1,
                "max": 2
              }
            },
            {
              "function": "minecraft:set_nbt",
              "tag": "{HideFlags:1,display:{Lore:['{\"text\":\"A common artifact\"}','{\"text\":\"for research purposes.\"}'],Name:'{\"text\":\"Blunt Artifact\"}'},Enchantments:[{lvl:0,id:\"minecraft:protection\"}]}"
            }
          ]
        },
        {
          "type": "minecraft:item",
          "weight": 15,
          "name": "minecraft:deepslate"
        },
        {
          "type": "minecraft:item",
          "weight": 11,
          "name": "minecraft:copper_ingot"
        },
        {
          "type": "minecraft:item",
          "weight": 10,
          "name": "minecraft:obsidian"
        },
        {
          "type": "minecraft:item",
          "weight": 7,
          "name": "minecraft:bone_block"
        },
        {
          "type": "minecraft:item",
          "weight": 4,
          "name": "minecraft:emerald"
        },
        {
          "type": "minecraft:item",
          "weight": 5,
          "name": "minecraft:soul_sand"
        },
        {
          "type": "minecraft:item",
          "weight": 4,
          "name": "minecraft:experience_bottle"
        },
        {
          "type": "minecraft:item",
          "weight": 6,
          "name": "minecraft:moss_block"
        },
        {
          "type": "minecraft:item",
          "weight": 3,
          "name": "minecraft:book",
          "functions": [
            {
              "function": "minecraft:enchant_randomly",
              "enchantments": [
                "minecraft:protection",
                "minecraft:bane_of_arthropods",
                "minecraft:efficiency",
                "minecraft:silk_touch",
                "minecraft:mending"
              ]
            }
          ]
        }
      ]
    }
  ]
}