{
  "type": "minecraft:chest",
  "pools": [
    {
      "rolls": {
        "type": "minecraft:uniform",
        "min": 10,
        "max": 16
      },
      "entries": [
        {
          "type": "minecraft:item",
          "weight": 1,
          "name": "minecraft:wither_rose"
        },
        {
          "type": "minecraft:item",
          "weight": 1,
          "name": "minecraft:amethyst_shard",
          "functions": [
            {
              "function": "minecraft:set_count",
              "count": {
			    "type": "minecraft:uniform",
                "min": 0,
                "max": 1
              }
            },
            {
              "function": "minecraft:set_nbt",
              "tag": "{HideFlags:1,display:{Lore:['{\"text\":\"A rare artifact\"}','{\"text\":\"for research purposes.\"}'],Name:'{\"text\":\"Shiny Artifact\"}'},Enchantments:[{lvl:0,id:\"minecraft:protection\"}]}"
            }
          ]
        },
        {
          "type": "minecraft:item",
          "weight": 9,
          "name": "minecraft:experience_bottle"
        },
        {
          "type": "minecraft:item",
          "weight": 3,
          "name": "minecraft:respawn_anchor"
        },
        {
          "type": "minecraft:item",
          "weight": 10,
          "name": "minecraft:blaze_rod"
        },
        {
          "type": "minecraft:item",
          "weight": 3,
          "name": "minecraft:brick",
          "functions": [
            {
              "function": "minecraft:set_count",
              "count": {
			    "type": "minecraft:uniform",
                "min": 1,
                "max": 2
              }
            },
            {
              "function": "minecraft:set_nbt",
              "tag": "{HideFlags:1,display:{Lore:['{\"text\":\"A common artifact\"}','{\"text\":\"for research purposes.\"}'],Name:'{\"text\":\"Blunt Artifact\"}'},Enchantments:[{lvl:0,id:\"minecraft:protection\"}]}"
            }
          ]
        },
        {
          "type": "minecraft:item",
          "weight": 6,
          "name": "minecraft:emerald"
        },
        {
          "type": "minecraft:item",
          "weight": 5,
          "name": "minecraft:book",
          "functions": [
            {
              "function": "minecraft:enchant_randomly",
              "enchantments": [
                "minecraft:smite",
                "minecraft:bane_of_arthropods",
                "minecraft:looting",
                "minecraft:efficiency",
                "minecraft:silk_touch",
                "minecraft:fortune",
                "minecraft:infinity",
                "minecraft:mending"
              ]
            },
			{
              "function": "minecraft:enchant_randomly",
              "enchantments": [
                "minecraft:protection",
                "minecraft:projectile_protection",
                "minecraft:thorns"
              ]
            },
			{
              "function": "minecraft:enchant_randomly",
              "enchantments": [
                "minecraft:binding_curse",
                "minecraft:vanishing_curse"
              ]
            }
          ]
        }
      ]
    }
  ]
}