{
  "type": "minecraft:chest",
  "pools": [
    {
      "rolls": {
        "type": "minecraft:uniform",
        "min": 7,
        "max": 10
      },
      "entries": [
        {
          "type": "minecraft:item",
          "weight": 3,
          "name": "minecraft:gold_ingot"
        },
        {
          "type": "minecraft:item",
          "weight": 15,
          "name": "minecraft:string"
        },
        {
          "type": "minecraft:item",
          "weight": 11,
          "name": "minecraft:bone"
        },
        {
          "type": "minecraft:item",
          "weight": 10,
          "name": "minecraft:rotten_flesh"
        },
        {
          "type": "minecraft:item",
          "weight": 7,
          "name": "minecraft:porkchop"
        },
        {
          "type": "minecraft:item",
          "weight": 4,
          "name": "minecraft:leather"
        },
        {
          "type": "minecraft:item",
          "weight": 5,
          "name": "minecraft:stone_sword"
        },
        {
          "type": "minecraft:item",
          "weight": 4,
          "name": "minecraft:experience_bottle"
        },
        {
          "type": "minecraft:item",
          "weight": 6,
          "name": "minecraft:paper"
        },
        {
          "type": "minecraft:item",
          "weight": 3,
          "name": "minecraft:writable_book"
        }
      ]
    }
  ]
}