{
  "config": {
    "feature": {
      "config": {
        "feature": {
          "config": {
            "fossil_processors": "minecraft:empty",
            "overlay_processors": "nitdim:dungeon_rot",
            "max_empty_corners_allowed": 2,
            "fossil_structures": [
              "nitdim:primordial_desert/fossil_dungeons/stone_square",
              "nitdim:primordial_desert/fossil_dungeons/stone_bedroom"
            ],
            "overlay_structures": [
              "nitdim:primordial_desert/fossil_dungeons/stone_square_overlay",
              "nitdim:primordial_desert/fossil_dungeons/stone_bedroom_overlay"
            ]
          },
          "type": "minecraft:fossil"
        },
        "decorator": {
          "config": {
				"height": {
				"type": "minecraft:uniform",
            "min_inclusive": {
              "absolute": 0
            },
            "max_inclusive": {
              "absolute": 60
            }
				}
          },
          "type": "minecraft:range"
        }
      },
      "type": "minecraft:decorated"
    },
    "decorator": {
      "config": {
        "chance": 20
      },
      "type": "minecraft:chance"
    }
  },
  "type": "minecraft:decorated"
}