{
  "type": "minecraft:random_patch",
  "config": {
    "can_replace": true,
    "project": true,
    "need_water": false,
    "xspread": 3,
    "yspread": 0,
    "zspread": 3,
    "tries": 3,
    "state_provider": {
      "type": "minecraft:simple_state_provider",
      "state": {
        "Name": "minecraft:bone_block",
        "Properties": {
          "axis": "y"
        }
      }
    },
    "block_placer": {
              "size": {
                "type": "minecraft:biased_to_bottom",
                "value": {
                  "min_inclusive": 1,
                  "max_inclusive": 4
                }
              },
              "type": "minecraft:column_placer"
            },
    "whitelist": [],
    "blacklist": []
  }
}