{
  "config": {
    "feature": {
      "config": {
        "hat_state": {
          "Name": "minecraft:nether_wart_block",
		  "Properties": {
            "persistent": "true",
            "distance": "4"
          }
        },
        "decor_state": {
          "Name": "minecraft:glowshroom"
        },
        "planted": false,
        "valid_base_block": { 
          "Name": "minecraft:crimson_nylium",
		  "Properties": {
            "snowy": "false"
          }
        },
        "stem_state": {
          "Properties": {
            "axis": "y"
          },
          "Name": "minecraft:crimson_stem"
        }
      },
      "type": "minecraft:huge_fungus"
    },
    "decorator": {
      "config": {
        "count": 1
      },
      "type": "minecraft:count_multilayer"
    }
  },
  "type": "minecraft:decorated"
}