{
  "config": {
    "feature": {
      "config": {
        "hat_state": {
          "Name": "minecraft:netherrack",
		  "Properties": {
            "persistent": "true",
            "distance": "4"
          }
        },
        "decor_state": {
          "Name": "minecraft:nether_gold_ore"
        },
        "planted": false,
        "valid_base_block": { 
          "Name": "minecraft:red_terracotta",
		  "Properties": {
            "snowy": "false"
          }
        },
        "stem_state": {
          "Properties": {
            "axis": "y"
          },
          "Name": "minecraft:stripped_crimson_stem"
        }
      },
      "type": "minecraft:huge_fungus"
    },
    "decorator": {
      "config": {
        "count": 1
      },
      "type": "minecraft:count_multilayer"
    }
  },
  "type": "minecraft:decorated"
}