{
  "config": {
    "feature": {
      "config": {
        "feature": {
          "config": {
            "feature": {
              "config": {
                "max_point_offset": 3,
                "min_gen_offset": -16,
                "max_gen_offset": 16,
                "noise_multiplier": 0.05,
                "invalid_blocks_threshold": 1,
                "max_outer_wall_distance": 7,
                "min_distribution_points": 3,
                "max_distribution_points": 5,
                "min_point_offset": 1,
                "use_potential_placements_chance": 0.35,
                "use_alternate_layer0_chance": 0.083,
                "placements_require_layer0_alternate": true,
                "min_outer_wall_distance": 4,
                "blocks": {
                  "cannot_replace": "minecraft:features_cannot_replace",
                  "invalid_blocks": "minecraft:geode_invalid_blocks",
                  "middle_layer_provider": {
                    "state": {
                      "Name": "minecraft:blackstone"
                    },
                    "type": "minecraft:simple_state_provider"
                  },
                  "outer_layer_provider": {
                    "state": {
                      "Name": "minecraft:obsidian"
                    },
                    "type": "minecraft:simple_state_provider"
                  },
                  "inner_placements": [
                    {
                      "Name": "minecraft:obsidian"
                    },
                    {
                      "Name": "minecraft:crying_obsidian"
                    },
                    {
                      "Name": "minecraft:raw_gold_block"
                    },
                    {
                      "Name": "minecraft:ancient_debris"
                    }
                  ],
                  "filling_provider": {
                    "state": {
                      "Name": "minecraft:air"
                    },
                    "type": "minecraft:simple_state_provider"
                  },
                  "inner_layer_provider": {
                    "state": {
                      "Name": "minecraft:netherrack"
                    },
                    "type": "minecraft:simple_state_provider"
                  },
                  "alternate_inner_layer_provider": {
                    "state": {
                      "Name": "minecraft:nether_quartz_ore"
                    },
                    "type": "minecraft:simple_state_provider"
                  }
                },
                "layers": {
                  "filling": 1.7,
                  "inner_layer": 2.2,
                  "middle_layer": 3.2,
                  "outer_layer": 4.2
                },
                "crack": {
                  "generate_crack_chance": 0.15,
                  "base_crack_size": 1.0,
                  "crack_point_offset": 1
                }
              },
              "type": "minecraft:geode"
            },
            "decorator": {
              "config": {
				"height": {
				"type": "minecraft:uniform",
                "min_inclusive": {
				  "above_bottom": 12
				},
				"max_inclusive": {
				  "absolute": 0
				}
				}
              },
              "type": "minecraft:range"
            }
          },
          "type": "minecraft:decorated"
        },
        "decorator": {
          "config": {},
          "type": "minecraft:square"
        }
      },
      "type": "minecraft:decorated"
    },
    "decorator": {
      "config": {
        "chance": 96
      },
      "type": "minecraft:chance"
    }
  },
  "type": "minecraft:decorated"
}