{
  "config": {
    "feature": {
      "config": {
        "feature": {
          "config": {
			    "targets": [
                  {
				    "target": {
                      "tag": "minecraft:stone_ore_replaceables",
                      "predicate_type": "minecraft:tag_match"
                    },
                    "state": {
                      "Name": "minecraft:lapis_ore"
                    }
				  },
				  {
				    "target": {
                      "tag": "minecraft:deepslate_ore_replaceables",
                      "predicate_type": "minecraft:tag_match"
                    },
                    "state": {
                      "Name": "minecraft:deepslate_lapis_ore"
                    }
				  }
				],
                "size": 7,
                "discard_chance_on_air_exposure": 0.5
              },
          "type": "minecraft:ore"
        },
        "decorator": {
          "config": {
            "height": {
              "min_inclusive": {
                "absolute": -52
              },
              "max_inclusive": {
                "absolute": 24
              },
              "type": "minecraft:uniform"
            }
          },
          "type": "minecraft:range"
        }
      },
      "type": "minecraft:decorated"
    },
    "decorator": {
      "config": {},
      "type": "minecraft:square"
    }
  },
  "type": "minecraft:decorated"
}