{
  "config": {
    "feature": {
      "config": {
        "feature": {
          "config": {
            "feature": {
              "config": {
			    "targets": [
                  {
				    "target": {
                      "tag": "minecraft:base_stone_overworld",
                      "predicate_type": "minecraft:tag_match"
                    },
                    "state": {
                      "Name": "minecraft:copper_ore"
                    }
				  },
				  {
				    "target": {
                      "tag": "minecraft:deepslate_ore_replaceables",
                      "predicate_type": "minecraft:tag_match"
                    },
                    "state": {
                      "Name": "minecraft:deepslate_copper_ore"
                    }
				  }
				],
                "size": 10,
                "discard_chance_on_air_exposure": 0.2
              },
              "type": "minecraft:ore"
            },
            "decorator": {
          "config": {
            "height": {
              "min_inclusive": {
                "absolute": -24
              },
              "max_inclusive": {
                "absolute": 120
              },
              "type": "minecraft:uniform"
            }
          },
          "type": "minecraft:range"
        }
          },
          "type": "minecraft:decorated"
        },
        "decorator": {
          "config": {},
          "type": "minecraft:square"
        }
      },
      "type": "minecraft:decorated"
    },
    "decorator": {
      "type": "minecraft:count_noise_biased",
      "config": {
        "noise_to_count_ratio": 40,
        "noise_factor": 80,
        "noise_offset": 0
      }
    }
  },
  "type": "minecraft:decorated"
}