{
  "config": {
    "feature": {
      "config": {
        "feature": {
          "config": {
            "feature": {
              "config": {
			    "targets": [
                  {
				    "target": {
                      "tag": "minecraft:stone_ore_replaceables",
                      "predicate_type": "minecraft:tag_match"
                    },
                    "state": {
                      "Name": "minecraft:diamond_ore"
                    }
				  }
				],
                "size": 3,
                "discard_chance_on_air_exposure": 0.0
              },
              "type": "minecraft:ore"
            },
            "decorator": {
          "config": {
            "height": {
              "min_inclusive": {
                "absolute": 60
              },
              "max_inclusive": {
                "absolute": 140
              },
              "type": "minecraft:uniform"
            }
          },
          "type": "minecraft:range"
        }
          },
          "type": "minecraft:decorated"
        },
        "decorator": {
          "config": {},
          "type": "minecraft:square"
        }
      },
      "type": "minecraft:decorated"
    },
    "decorator": {
      "config": {
        "count": 32
      },
      "type": "minecraft:count"
    }
  },
  "type": "minecraft:decorated"
}