{
  "config": {
    "feature": {
      "config": {
        "feature": {
          "config": {
            "feature": {
              "config": {
                "targets": [
                  {
                    "target": {
                      "tag": "minecraft:stone_ore_replaceables",
                      "predicate_type": "minecraft:tag_match"
                    },
                    "state": {
                      "Name": "minecraft:emerald_ore"
                    }
                  },
                  {
                    "target": {
                      "tag": "minecraft:deepslate_ore_replaceables",
                      "predicate_type": "minecraft:tag_match"
                    },
                    "state": {
                      "Name": "minecraft:deepslate_emerald_ore"
                    }
                  }
                ]
              },
              "type": "minecraft:replace_single_block"
            },
            "decorator": {
          "config": {
            "height": {
              "min_inclusive": {
                "absolute": 0
              },
              "max_inclusive": {
                "absolute": 80
              },
              "type": "minecraft:uniform"
            }
          },
          "type": "minecraft:range"
        }
          },
          "type": "minecraft:decorated"
        },
        "decorator": {
          "config": {},
          "type": "minecraft:square"
        }
      },
      "type": "minecraft:decorated"
    },
    "decorator": {
      "config": {
        "count": {
				  "type": "minecraft:uniform",
				  "value": {
					"min_inclusive": 12,
                    "max_inclusive": 48
				  }
                }
      },
      "type": "minecraft:count"
    }
  },
  "type": "minecraft:decorated"
}