{
  "type": "minecraft:decorated",
  "config": {
    "decorator": {
      "type": "minecraft:chance",
      "config": {
        "chance": 4
      }
    },
    "feature": {
      "type": "minecraft:decorated",
      "config": {
        "decorator": {
          "type": "minecraft:square",
          "config": {}
        },
        "feature": {
          "type": "minecraft:decorated",
          "config": {
            "decorator": {
              "type": "minecraft:range",
              "config": {
				"height": {
				"type": "minecraft:uniform",
                "min_inclusive": {
                  "above_bottom": 0
                },
                "max_inclusive": {
                  "absolute": 100
                }
				}
              }
            },
            "feature": {
              "type": "minecraft:decorated",
              "config": {
                "decorator": {
                  "type": "minecraft:cave_surface",
                  "config": {
                    "surface": "ceiling",
                    "floor_to_ceiling_search_range": 12
                  }
                },
                "feature": {
                  "type": "minecraft:root_system",
                  "config": {
                    "required_vertical_space_for_tree": 8,
                    "root_radius": 3,
                    "root_placement_attempts": 20,
                    "root_column_max_height": 100,
                    "hanging_root_radius": 3,
                    "hanging_roots_vertical_span": 2,
                    "hanging_root_placement_attempts": 20,
                    "allowed_vertical_water_for_tree": 3,
                    "root_replaceable": "minecraft:base_stone_primordial_desert",
                    "root_state_provider": {
                      "type": "minecraft:simple_state_provider",
                      "state": {
                        "Name": "minecraft:soul_sand"
                      }
                    },
                    "hanging_root_state_provider": {
                      "type": "minecraft:simple_state_provider",
                      "state": {
                        "Name": "minecraft:weeping_vines",
                        "Properties": {
                          "age": "1"
                        }
                      }
                    },
                    "feature": "nitdim:primordial_desert/fossil"
                  }
                }
              }
            }
          }
        }
      }
    }
  }
}