{
  "criteria": {
    "use_boat": {
      "trigger": "minecraft:using_item",
      "conditions": {
        "player": [
          {
            "condition": "minecraft:entity_properties",
            "entity": "this",
            "predicate": {
              "location": {
                "position": {
                  "y": {
                    "min": 48,
                    "max": 49
                  }
                },
                "dimension": "nitdim:buried_ocean",
                "fluid": {
                  "fluid": "minecraft:water"
                }
              }
            }
          }
        ],
        "item": {
          "items": [
            "minecraft:spyglass"
          ],
          "nbt": "{HideFlags: 1b, display: {Lore: ['{\"text\":\"Use in water to collect\",\"italic\":\"false\"}', '{\"text\":\"biome-specific resources\",\"italic\":\"false\"}', '{\"text\":\"in the Buried Ocean.\",\"italic\":\"false\"}'], Name: '{\"text\":\"Fishing Dinghy\",\"italic\":\"false\"}'}, Enchantments: [{lvl: 0, id: \"minecraft:protection\"}]}"
        }
      }
    }
  },
  "rewards": {
    "function": "nitsea:recurs/new_dinghy"
  }
}