{
  "name": "nitdim:buried_ocean/ancient_tower/upward",
  "fallback": "nitdim:buried_ocean/ancient_tower/top",
  "elements": [
	{
      "weight": 1,
      "element": {
        "location": "nitdim:buried_ocean/ancient_tower/tower_empty",
        "processors": "minecraft:empty",
        "projection": "rigid",
        "element_type": "minecraft:single_pool_element"
      }
    },
	{
      "weight": 6,
      "element": {
        "location": "nitdim:buried_ocean/ancient_tower/tower_branch",
        "processors": "minecraft:empty",
        "projection": "rigid",
        "element_type": "minecraft:single_pool_element"
      }
    },
	{
      "weight": 4,
      "element": {
        "location": "nitdim:buried_ocean/ancient_tower/top",
        "processors": "minecraft:empty",
        "projection": "rigid",
        "element_type": "minecraft:single_pool_element"
      }
    },
	{
      "weight": 4,
      "element": {
        "location": "nitdim:buried_ocean/ancient_tower/tower_dolphin",
        "processors": "minecraft:empty",
        "projection": "rigid",
        "element_type": "minecraft:single_pool_element"
      }
    },
	{
      "weight": 5,
      "element": {
        "location": "nitdim:buried_ocean/ancient_tower/tower_guardian",
        "processors": "minecraft:empty",
        "projection": "rigid",
        "element_type": "minecraft:single_pool_element"
      }
    },
	{
      "weight": 2,
      "element": {
        "location": "nitdim:buried_ocean/ancient_tower/tower_gold",
        "processors": "minecraft:empty",
        "projection": "rigid",
        "element_type": "minecraft:single_pool_element"
      }
    },
	{
      "weight": 2,
      "element": {
        "location": "nitdim:buried_ocean/ancient_tower/tower_iceberg",
        "processors": "minecraft:empty",
        "projection": "rigid",
        "element_type": "minecraft:single_pool_element"
      }
    },
	{
      "weight": 1,
      "element": {
        "location": "nitdim:buried_ocean/ancient_tower/tower_dna",
        "processors": "minecraft:empty",
        "projection": "rigid",
        "element_type": "minecraft:single_pool_element"
      }
    }
  ]
}