{
  "parent": "nitaes:recipes/cities",
  "display": {
    "icon": {
      "item": "minecraft:bedrock"
    },
    "title": "Tyrant\'s Prison Crafting",
    "description": "E = End Stone\nP = Poppd Chors Fruit\nN = Nethr Brck Item\nO = Obsidian\nU = Soul Torch\nW = Wither Skeleton Skull\nA = Soul Sand\nWx3  |  Ax4  | Wx3\nPx16 |   ?   | Ux4\nOx24  | Nx16 | Ex48",
    "frame": "task",
    "show_toast": false,
    "announce_to_chat": false,
    "hidden": false
  },
  "rewards": {
    "function": "nitaes:siteplanner/init_wither_prison"
  },
  "criteria": {
    "open-dropper": {
      "trigger": "minecraft:item_used_on_block",
      "conditions": {
        "location": {
		  "position": {
            "y": {
              "min": 0,
              "max": 241
            }
          },
          "block": {
            "block": "dropper",
			"nbt":"{Items:[{Slot:0b,id:\"minecraft:wither_skeleton_skull\",Count:3b},{Slot:1b,id:\"minecraft:soul_sand\",Count:4b},{Slot:2b,id:\"minecraft:wither_skeleton_skull\",Count:3b},{Slot:3b,id:\"minecraft:popped_chorus_fruit\",Count:16b},{Slot:4b,id:\"minecraft:music_disc_stal\",Count:1b,tag:{HideFlags:1b,display:{Lore:['{\"text\":\"A mysterious artifact\"}','{\"text\":\"of prison-like density.\"}'],Name:'{\"text\":\"Piece of Infinity\"}'},Enchantments:[{lvl:0,id:\"minecraft:protection\"}]}},{Slot:5b,id:\"minecraft:soul_torch\",Count:4b},{Slot:6b,id:\"minecraft:obsidian\",Count:24b},{Slot:7b,id:\"minecraft:nether_brick\",Count:16b},{Slot:8b,id:\"minecraft:end_stone\",Count:48b}]}"
          }
        }
      }
    }
  }
}