{
  "parent": "nitaes:recipes/town-plots",
  "display": {
    "icon": {
      "item": "minecraft:oak_wood"
    },
    "title": "Decorative Oak Tree Crafting",
    "description": "A = Lantern\nL = Oak Log\nD = Dirt\nP = Oak Sapling\nAx1 | Lx16 | Ax1\nDx4 | Lx16 | Dx4\nDx4 | Px4  | Dx4",
    "frame": "task",
    "show_toast": false,
    "announce_to_chat": false,
    "hidden": false
  },
  "rewards": {
    "function": "nitaes:siteplanner/init_oak"
  },
  "criteria": {
    "open-dropper": {
      "trigger": "minecraft:item_used_on_block",
      "conditions": {
        "location": {
          "block": {
            "block": "dropper",
			"nbt":"{Items:[{Slot:0b,id:\"minecraft:lantern\",Count:1b},{Slot:1b,id:\"minecraft:oak_log\",Count:16b},{Slot:2b,id:\"minecraft:lantern\",Count:1b},{Slot:3b,id:\"minecraft:dirt\",Count:4b},{Slot:4b,id:\"minecraft:oak_log\",Count:16b},{Slot:5b,id:\"minecraft:dirt\",Count:4b},{Slot:6b,id:\"minecraft:dirt\",Count:4b},{Slot:7b,id:\"minecraft:oak_sapling\",Count:4b},{Slot:8b,id:\"minecraft:dirt\",Count:4b}]}"
          }
        }
      }
    }
  }
}