{
  "parent": "nitaes:recipes/town-plots",
  "display": {
    "icon": {
      "item": "minecraft:smooth_stone_slab"
    },
    "title": "Decorative Fountain Crafting",
    "description": "S = Stone\nW = Water Bucket (Not returned)\nA = Lantern\nD = Dirt\nSx4 | Wx1 | Sx4\nAx1 | Sx4 | Ax1\nDx4 | Sx4 | Dx4",
    "frame": "task",
    "show_toast": false,
    "announce_to_chat": false,
    "hidden": false
  },
  "rewards": {
    "function": "nitaes:siteplanner/init_fountain"
  },
  "criteria": {
    "open-dropper": {
      "trigger": "minecraft:item_used_on_block",
      "conditions": {
        "location": {
          "block": {
            "block": "dropper",
			"nbt":"{Items:[{Slot:0b,id:\"minecraft:stone\",Count:4b},{Slot:1b,id:\"minecraft:water_bucket\",Count:1b},{Slot:2b,id:\"minecraft:stone\",Count:4b},{Slot:3b,id:\"minecraft:lantern\",Count:1b},{Slot:4b,id:\"minecraft:stone\",Count:4b},{Slot:5b,id:\"minecraft:lantern\",Count:1b},{Slot:6b,id:\"minecraft:dirt\",Count:4b},{Slot:7b,id:\"minecraft:stone\",Count:4b},{Slot:8b,id:\"minecraft:dirt\",Count:4b}]}"
          }
        }
      }
    }
  }
}