{
  "parent": "projectzoo:recipes/root",
  "display": {
    "icon": {
      "item": "minecraft:player_head",
            "nbt": "{SkullOwner:{Id:[I;-1825144796,981091908,-1434894899,-336322911],Properties:{textures:[{Value:\"eyJ0ZXh0dXJlcyI6eyJTS0lOIjp7InVybCI6Imh0dHA6Ly90ZXh0dXJlcy5taW5lY3JhZnQubmV0L3RleHR1cmUvMmI1Mjg0MWYyZmQ1ODllMGJjODRjYmFiZjllMWMyN2NiNzBjYWM5OGY4ZDZiM2RkMDY1ZTU1YTRkY2I3MGQ3NyJ9fX0=\"}]}}}"
    },
    "title": "Mooshroom Pen Crafting",
    "description": "S = Stone\nC = Coarse Dirt\nR = Red Mushroom Block\nB = Brown Mushroom Block\nM = Mycelium\nT = Mushroom Stem\nSx8  | Sx8 | Sx8\nRx8 |  Cx8  | Bx8\nMx8  | Tx8 | Mx8",
    "frame": "task",
    "show_toast": false,
    "announce_to_chat": false,
    "hidden": false
  },
  "rewards": {
    "function": "projectzoo:siteplanner/init_mooshroom_pen"
  },
  "criteria": {
    "open-dropper": {
      "trigger": "minecraft:item_used_on_block",
      "conditions": {
        "location": {
          "block": {
            "block": "dropper",
			"nbt":"{Items:[{Slot:0b,id:\"minecraft:stone\",Count:8b},{Slot:1b,id:\"minecraft:stone\",Count:8b},{Slot:2b,id:\"minecraft:stone\",Count:8b},{Slot:3b,id:\"minecraft:red_mushroom_block\",Count:8b},{Slot:4b,id:\"minecraft:coarse_dirt\",Count:8b},{Slot:5b,id:\"minecraft:brown_mushroom_block\",Count:8b},{Slot:6b,id:\"minecraft:mycelium\",Count:8b},{Slot:7b,id:\"minecraft:mushroom_stem\",Count:8b},{Slot:8b,id:\"minecraft:mycelium\",Count:8b}]}"
          }
        }
      }
    }
  }
}