{
  "parent": "projectzoo:recipes/root",
  "display": {
    "icon": {
      "item": "minecraft:player_head",
            "nbt": "{SkullOwner:{Id:[I;-988784499,1538476442,-1335897902,1631763943],Properties:{textures:[{Value:\"eyJ0ZXh0dXJlcyI6eyJTS0lOIjp7InVybCI6Imh0dHA6Ly90ZXh0dXJlcy5taW5lY3JhZnQubmV0L3RleHR1cmUvY2QyMGJmNTJlYzM5MGEwNzk5Mjk5MTg0ZmM2NzhiZjg0Y2Y3MzJiYjFiZDc4ZmQxYzRiNDQxODU4ZjAyMzVhOCJ9fX0=\"}]}}}"
    },
    "title": "Ravager Containment Crafting",
    "description": "O = Oak Log\nL = Leather\nT = Totem of Undying\nOx8  | Ox4 | Ox8\nLx4 |  Tx1  | Lx4\nOx8  | Ox4 | Ox8",
    "frame": "task",
    "show_toast": false,
    "announce_to_chat": false,
    "hidden": false
  },
  "rewards": {
    "function": "projectzoo:siteplanner/init_ravager_containment"
  },
  "criteria": {
    "open-dropper": {
      "trigger": "minecraft:item_used_on_block",
      "conditions": {
        "location": {
          "block": {
            "block": "dropper",
			"nbt":"{Items:[{Slot:0b,id:\"minecraft:oak_log\",Count:8b},{Slot:1b,id:\"minecraft:oak_log\",Count:4b},{Slot:2b,id:\"minecraft:oak_log\",Count:8b},{Slot:3b,id:\"minecraft:leather\",Count:4b},{Slot:4b,id:\"minecraft:totem_of_undying\",Count:1b},{Slot:5b,id:\"minecraft:leather\",Count:4b},{Slot:6b,id:\"minecraft:oak_log\",Count:8b},{Slot:7b,id:\"minecraft:oak_log\",Count:4b},{Slot:8b,id:\"minecraft:oak_log\",Count:8b}]}"
          }
        }
      }
    }
  }
}