{
  "parent": "projectzoo:recipes/root",
  "display": {
    "icon": {
      "item": "minecraft:player_head",
            "nbt": "{SkullOwner:{Id:[I;871965901,1636909406,-1423983158,1839535477],Properties:{textures:[{Value:\"eyJ0ZXh0dXJlcyI6eyJTS0lOIjp7InVybCI6Imh0dHA6Ly90ZXh0dXJlcy5taW5lY3JhZnQubmV0L3RleHR1cmUvODVjYTI4ODkwY2I3YTk2MmJhYmI0MGU1ZjQzOGJhNDcyMjZkNWMxNWVhMzAwOTFkNWMxZjQ0M2ExZDk3OTQ3ZSJ9fX0=\"}]}}}"
     },
    "title": "Aviary Crafting",
    "description": "L = Oak Log\nO = Oak Leaves\nV = Vines\nF = Feather\nP = Phantom Membrane\nS = Scaffolding\nOx32  | Vx16 | Ox32\nFx12 |  Lx16  | Px4\nLx16  | Sx4 | LX16",
    "frame": "task",
    "show_toast": false,
    "announce_to_chat": false,
    "hidden": false
  },
  "rewards": {
    "function": "projectzoo:siteplanner/init_aviary"
  },
  "criteria": {
    "open-dropper": {
      "trigger": "minecraft:item_used_on_block",
      "conditions": {
        "location": {
          "block": {
            "block": "dropper",
			"nbt":"{Items:[{Slot:0b,id:\"minecraft:oak_leaves\",Count:32b},{Slot:1b,id:\"minecraft:vine\",Count:16b},{Slot:2b,id:\"minecraft:oak_leaves\",Count:32b},{Slot:3b,id:\"minecraft:feather\",Count:12b},{Slot:4b,id:\"minecraft:oak_log\",Count:16b},{Slot:5b,id:\"minecraft:phantom_membrane\",Count:4b},{Slot:6b,id:\"minecraft:oak_log\",Count:16b},{Slot:7b,id:\"minecraft:scaffolding\",Count:4b},{Slot:8b,id:\"minecraft:oak_log\",Count:16b}]}"
          }
        }
      }
    }
  }
}