{
  "parent": "projectzoo:recipes/root",
  "display": {
    "icon": {
      "item": "minecraft:player_head",
            "nbt": "{SkullOwner:{Id:[I;610214580,746343068,-2030395706,1280632058],Properties:{textures:[{Value:\"eyJ0ZXh0dXJlcyI6eyJTS0lOIjp7InVybCI6Imh0dHA6Ly90ZXh0dXJlcy5taW5lY3JhZnQubmV0L3RleHR1cmUvMGE0MDUwZTdhYWNjNDUzOTIwMjY1OGZkYzMzOWRkMTgyZDdlMzIyZjlmYmNjNGQ1Zjk5YjU3MThhIn19fQ==\"}]}}}"
     },
    "title": "Turtle Sanctuary Crafting",
    "description": "S = Stone\nD = Sand\nP = Sea Pickle\nW = Water Bucket\nU = Scute\nG = Seagrass\nE = Turtle Egg\nPx4  | Wx1 | Ux1\nGx8 |  Sx8  | Ex1\nDx12  | Dx12 | Dx12",
    "frame": "task",
    "show_toast": false,
    "announce_to_chat": false,
    "hidden": false
  },
  "rewards": {
    "function": "projectzoo:siteplanner/init_turtle_sanctuary"
  },
  "criteria": {
    "open-dropper": {
      "trigger": "minecraft:item_used_on_block",
      "conditions": {
        "location": {
          "block": {
            "block": "dropper",
			"nbt":"{Items:[{Slot:0b,id:\"minecraft:sea_pickle\",Count:4b},{Slot:1b,id:\"minecraft:water_bucket\",Count:1b},{Slot:2b,id:\"minecraft:scute\",Count:1b},{Slot:3b,id:\"minecraft:seagrass\",Count:8b},{Slot:4b,id:\"minecraft:stone\",Count:8b},{Slot:5b,id:\"minecraft:turtle_egg\",Count:1b},{Slot:6b,id:\"minecraft:sand\",Count:12b},{Slot:7b,id:\"minecraft:sand\",Count:12b},{Slot:8b,id:\"minecraft:sand\",Count:12b}]}"
          }
        }
      }
    }
  }
}