{
  "parent": "projectzoo:recipes/root",
  "display": {
    "icon": {
      "item": "minecraft:player_head",
            "nbt": "{SkullOwner:{Id:[I;2077201833,-393329642,-1899575754,-1687535172],Properties:{textures:[{Value:\"eyJ0ZXh0dXJlcyI6eyJTS0lOIjp7InVybCI6Imh0dHA6Ly90ZXh0dXJlcy5taW5lY3JhZnQubmV0L3RleHR1cmUvZjg5NmExZGJkZTFhMTk1NDBjZTczMzZjNmM5NGY1OTY1MmFhOThiYjEwNjhiMmVmOGM4ZmE2ZWY4NTgwNGY1NyJ9fX0=\"}]}}}"
     },
    "title": "Undead Barn Crafting",
    "description": "L = Oak Log\nS = Stone\nW = Warped Stem\nB = Bone\nR = Rotten Flesh\nD = Saddle\nWx12  | Sx8 | Wx12\nBx8 |  Dx1  | Rx8\nLx16  | Sx8 | Lx16",
    "frame": "task",
    "show_toast": false,
    "announce_to_chat": false,
    "hidden": false
  },
  "rewards": {
    "function": "projectzoo:siteplanner/init_undead_barn"
  },
  "criteria": {
    "open-dropper": {
      "trigger": "minecraft:item_used_on_block",
      "conditions": {
        "location": {
          "block": {
            "block": "dropper",
			"nbt":"{Items:[{Slot:0b,id:\"minecraft:warped_stem\",Count:12b},{Slot:1b,id:\"minecraft:stone\",Count:8b},{Slot:2b,id:\"minecraft:warped_stem\",Count:12b},{Slot:3b,id:\"minecraft:bone\",Count:8b},{Slot:4b,id:\"minecraft:saddle\",Count:1b},{Slot:5b,id:\"minecraft:rotten_flesh\",Count:8b},{Slot:6b,id:\"minecraft:oak_log\",Count:16b},{Slot:7b,id:\"minecraft:stone\",Count:8b},{Slot:8b,id:\"minecraft:oak_log\",Count:16b}]}"
          }
        }
      }
    }
  }
}