{
  "parent": "projectzoo:recipes/root",
  "display": {
    "icon": {
      "item": "minecraft:player_head",
            "nbt": "{SkullOwner:{Id:[I;1903850075,629096818,-1111859736,1349498588],Properties:{textures:[{Value:\"eyJ0ZXh0dXJlcyI6eyJTS0lOIjp7InVybCI6Imh0dHA6Ly90ZXh0dXJlcy5taW5lY3JhZnQubmV0L3RleHR1cmUvN2QxMTY5YjI2OTRhNmFiYTgyNjM2MDk5MjM2NWJjZGE1YTEwYzg5YTNhYTJiNDhjNDM4NTMxZGQ4Njg1YzNhNyJ9fX0=\"}]}}}"
    },
    "title": "Rabbit Hutch Crafting",
    "description": "L = Oak Log\nR = Rabbit Hide\nG = Green Wool\nC = Carrot\nD = Coarse Dirt\nLx8  | Cx8 | Lx8\nRx4 |  Gx3  | Rx4\nLx8  | Dx4 | Lx8",
    "frame": "task",
    "show_toast": false,
    "announce_to_chat": false,
    "hidden": false
  },
  "rewards": {
    "function": "projectzoo:siteplanner/init_rabbit_hutch"
  },
  "criteria": {
    "open-dropper": {
      "trigger": "minecraft:item_used_on_block",
      "conditions": {
        "location": {
          "block": {
            "block": "dropper",
			"nbt":"{Items:[{Slot:0b,id:\"minecraft:oak_log\",Count:8b},{Slot:1b,id:\"minecraft:carrot\",Count:8b},{Slot:2b,id:\"minecraft:oak_log\",Count:8b},{Slot:3b,id:\"minecraft:rabbit_hide\",Count:4b},{Slot:4b,id:\"minecraft:green_wool\",Count:3b},{Slot:5b,id:\"minecraft:rabbit_hide\",Count:4b},{Slot:6b,id:\"minecraft:oak_log\",Count:8b},{Slot:7b,id:\"minecraft:coarse_dirt\",Count:4b},{Slot:8b,id:\"minecraft:oak_log\",Count:8b}]}"
          }
        }
      }
    }
  }
}