{
  "parent": "projectzoo:recipes/root",
  "display": {
    "icon": {
      "item": "minecraft:player_head",
            "nbt": "{SkullOwner:{Id:[I;-1954755219,920537056,-1923453081,-1715011912],Properties:{textures:[{Value:\"eyJ0ZXh0dXJlcyI6eyJTS0lOIjp7InVybCI6Imh0dHA6Ly90ZXh0dXJlcy5taW5lY3JhZnQubmV0L3RleHR1cmUvOGU5Njg4Yjk1MGQ4ODBiNTViN2FhMmNmY2Q3NmU1YTBmYTk0YWFjNmQxNmY3OGU4MzNmNzQ0M2VhMjlmZWQzIn19fQ==\"}]}}}"
     },
    "title": "Aquarium Crafting",
    "description": "W = Warped Stem\nP = Prismarine Block\nG = Glass Block\nL = Sea Lantern\nB = Water Bucket\nWx12  | Px16 | Wx12\nGx24 |  Lx4  | Gx24\nWx12  | Bx1 | Wx12",
    "frame": "task",
    "show_toast": false,
    "announce_to_chat": false,
    "hidden": false
  },
  "rewards": {
    "function": "projectzoo:siteplanner/init_aquarium"
  },
  "criteria": {
    "open-dropper": {
      "trigger": "minecraft:item_used_on_block",
      "conditions": {
        "location": {
          "block": {
            "block": "dropper",
			"nbt":"{Items:[{Slot:0b,id:\"minecraft:warped_stem\",Count:12b},{Slot:1b,id:\"minecraft:prismarine\",Count:16b},{Slot:2b,id:\"minecraft:warped_stem\",Count:12b},{Slot:3b,id:\"minecraft:glass\",Count:24b},{Slot:4b,id:\"minecraft:sea_lantern\",Count:4b},{Slot:5b,id:\"minecraft:glass\",Count:24b},{Slot:6b,id:\"minecraft:warped_stem\",Count:12b},{Slot:7b,id:\"minecraft:water_bucket\",Count:1b},{Slot:8b,id:\"minecraft:warped_stem\",Count:12b}]}"
          }
        }
      }
    }
  }
}