{
  "parent": "projectzoo:recipes/root",
  "display": {
    "icon": {
      "item": "minecraft:player_head",
	"nbt": "{SkullOwner:{Id:[I;-42304167,2147370716,-1190304166,239964807],Properties:{textures:[{Value:\"eyJ0ZXh0dXJlcyI6eyJTS0lOIjp7InVybCI6Imh0dHA6Ly90ZXh0dXJlcy5taW5lY3JhZnQubmV0L3RleHR1cmUvNzgxOGI2ODFjYWNlMWM2NDE5MTlmNTNlZGFkZWNiMTQyMzMwZDA4OWE4MjZiNTYyMTkxMzhjMzNiN2E1ZTBkYiJ9fX0=\"}]}}}"
    },
    "title": "Panda Habitat Crafting",
    "description": "S = Stone\nL = Oak Log\nC = Sugar Cane\nB = Bamboo\nD = Coarse Dirt\nW = Water Bucket\nP = Podzol\nSx24  | Sx24 | Sx24\nCx6 |  Lx4  | Bx24\nDx8  | Wx1 | Px8",
    "frame": "task",
    "show_toast": false,
    "announce_to_chat": false,
    "hidden": false
  },
  "rewards": {
    "function": "projectzoo:siteplanner/init_panda_habitat"
  },
  "criteria": {
    "open-dropper": {
      "trigger": "minecraft:item_used_on_block",
      "conditions": {
        "location": {
          "block": {
            "block": "dropper",
			"nbt":"{Items:[{Slot:0b,id:\"minecraft:stone\",Count:24b},{Slot:1b,id:\"minecraft:stone\",Count:24b},{Slot:2b,id:\"minecraft:stone\",Count:24b},{Slot:3b,id:\"minecraft:sugar_cane\",Count:6b},{Slot:4b,id:\"minecraft:oak_log\",Count:4b},{Slot:5b,id:\"minecraft:bamboo\",Count:24b},{Slot:6b,id:\"minecraft:coarse_dirt\",Count:8b},{Slot:7b,id:\"minecraft:water_bucket\",Count:1b},{Slot:8b,id:\"minecraft:podzol\",Count:8b}]}"
          }
        }
      }
    }
  }
}