{
  "parent": "projectzoo:recipes/root",
  "display": {
    "icon": {
      "item": "minecraft:player_head",
            "nbt": "{SkullOwner:{Id:[I;854297185,1852198397,-2024901503,419435689],Properties:{textures:[{Value:\"eyJ0ZXh0dXJlcyI6eyJTS0lOIjp7InVybCI6Imh0dHA6Ly90ZXh0dXJlcy5taW5lY3JhZnQubmV0L3RleHR1cmUvY2Q1ZDYwYTRkNzBlYzEzNmE2NTg1MDdjZTgyZTM0NDNjZGFhMzk1OGQ3ZmNhM2Q5Mzc2NTE3YzdkYjRlNjk1ZCJ9fX0=\"}]}}}"
    },
    "title": "Polar Bear Habitat Crafting",
    "description": "S = Stone\nO = Snow Block\nC = Raw Cod\nM = Raw Salmon\nI = Ice\nW = Water Bucket\nOx16  | Ox16 | Ox16\nCx4 |  Sx8  | Mx4\nIx4  | Wx1 | Ix4",
    "frame": "task",
    "show_toast": false,
    "announce_to_chat": false,
    "hidden": false
  },
  "rewards": {
    "function": "projectzoo:siteplanner/init_polar_bear_habitat"
  },
  "criteria": {
    "open-dropper": {
      "trigger": "minecraft:item_used_on_block",
      "conditions": {
        "location": {
          "block": {
            "block": "dropper",
			"nbt":"{Items:[{Slot:0b,id:\"minecraft:snow_block\",Count:16b},{Slot:1b,id:\"minecraft:snow_block\",Count:16b},{Slot:2b,id:\"minecraft:snow_block\",Count:16b},{Slot:3b,id:\"minecraft:cod\",Count:4b},{Slot:4b,id:\"minecraft:stone\",Count:8b},{Slot:5b,id:\"minecraft:salmon\",Count:4b},{Slot:6b,id:\"minecraft:ice\",Count:4b},{Slot:7b,id:\"minecraft:water_bucket\",Count:1b},{Slot:8b,id:\"minecraft:ice\",Count:4b}]}"
          }
        }
      }
    }
  }
}