{
  "surface_builder": "nitdim:desert_red",
  "depth": -1.925,
  "scale": 0.9,
  "temperature": 1,
  "downfall": 0,
  "precipitation": "none",
  "category": "desert",
  "player_spawn_friendly": true,
  "creature_spawn_probability": 0.2,
  "effects": {
    "sky_color": 14192920,
    "fog_color": 5576214,
    "water_color": 9969409,
    "water_fog_color": 4653056,
    "grass_color": 8797961,
    "foliage_color": 10037765,
    "grass_color_modifier": "none"
  },
  "starts": [
	"nitdim:primordial_desert/canyon_starts",
    "minecraft:mineshaft"
  ],
  "spawners": {
    "creature": [
      {
        "type": "minecraft:rabbit",
        "weight": 15,
        "minCount": 4,
        "maxCount": 6
      }
    ],
    "monster": [
      {
        "type": "minecraft:husk",
        "weight": 50,
        "minCount": 1,
        "maxCount": 4
      },
      {
        "type": "minecraft:creeper",
        "weight": 30,
        "minCount": 0,
        "maxCount": 2
      },
      {
        "type": "minecraft:skeleton",
        "weight": 30,
        "minCount": 1,
        "maxCount": 2
      },
      {
        "type": "minecraft:spider",
        "weight": 20,
        "minCount": 2,
        "maxCount": 3
      },
      {
        "type": "minecraft:hoglin",
        "weight": 10,
        "minCount": 1,
        "maxCount": 1
      },
      {
        "type": "minecraft:silverfish",
        "weight": 5,
        "minCount": 1,
        "maxCount": 1
      },
      {
        "type": "minecraft:zombie",
        "weight": 15,
        "minCount": 2,
        "maxCount": 5
      },
      {
        "type": "minecraft:slime",
        "weight": 5,
        "minCount": 1,
        "maxCount": 2
      }
    ]
  },
  "spawn_costs": {},
  "carvers": {
    "air": [
      "minecraft:cave",
	  "nitdim:crack"
    ]
  },
  "features": [
    [],
    [
      "minecraft:lake_lava"
    ],
    [],
    [
      "nitdim:dungeons_heavy",
	  "nitdim:primordial_desert/dungeon_upper"
    ],
    [
      "nitdim:delta_crimson_nylium"
    ],
    [],
    [
      "nitdim:ore_infested",
	  "nitdim:primordial_desert/ore_tuff",
	  "nitdim:primordial_desert/ore_calcite",
      "nitdim:primordial_desert/netherrack_geode",
      "minecraft:ore_dirt",
      "minecraft:ore_gravel",
      "minecraft:ore_andesite",
      "minecraft:ore_diorite",
      "minecraft:ore_granite",
	  "nitdim:primordial_desert/ore_coal",
	  "nitdim:primordial_desert/ore_copper",
	  "nitdim:primordial_desert/ore_diamond_lower",
	  "nitdim:primordial_desert/ore_gold",
	  "nitdim:primordial_desert/ore_gold",
	  "nitdim:primordial_desert/ore_gold_buried",
	  "nitdim:primordial_desert/ore_iron_buried",
	  "nitdim:primordial_desert/ore_redstone_lower"
    ],
    [],
    [
      "nitdim:primordial_desert/huge_mushroom_crimson",
      "nitdim:primordial_desert/huge_mushroom_decayed",
	  "nitdim:primordial_desert/quicksand_fossils"
    ],
    []
  ]
}