{
  "config": {
    "feature": {
      "config": {
        "target": {
          "Name": "minecraft:packed_ice"
        },
        "state": {
          "Name": "minecraft:air"
        },
        "radius": {
				  "type": "minecraft:uniform",
				  "value": {
					"min_inclusive": 0,
                    "max_inclusive": 0
				  }
                }
      },
      "type": "minecraft:netherrack_replace_blobs"
    },
    "decorator": {
      "config": {
        "step": "air",
        "probability": 1.0
      },
      "type": "minecraft:carving_mask"
    }
  },
  "type": "minecraft:decorated"
}