{
  "type": "minecraft:decorated",
  "config": {
    "decorator": {
      "type": "minecraft:count",
      "config": {
        "count": 2
      }
    },
    "feature": {
      "type": "minecraft:decorated",
      "config": {
        "decorator": {
          "type": "minecraft:square",
          "config": {}
        },
        "feature": {
          "type": "minecraft:decorated",
          "config": {
            "decorator": {
              "type": "minecraft:heightmap",
              "config": {
                "heightmap": "MOTION_BLOCKING"
              }
            },
            "feature": {
              "type": "minecraft:geode",
              "config": {
                "blocks": {
                  "cannot_replace": "minecraft:features_cannot_replace",
                  "invalid_blocks": "minecraft:geode_invalid_blocks",
                  "filling_provider": {
                    "type": "minecraft:simple_state_provider",
                    "state": {
                      "Name": "minecraft:air"
                    }
                  },
                  "inner_layer_provider": {
                    "type": "minecraft:simple_state_provider",
                    "state": {
                      "Name": "minecraft:air"
                    }
                  },
                  "alternate_inner_layer_provider": {
                    "type": "minecraft:simple_state_provider",
                    "state": {
                      "Name": "minecraft:air"
                    }
                  },
                  "middle_layer_provider": {
                    "type": "minecraft:simple_state_provider",
                    "state": {
                      "Name": "minecraft:air"
                    }
                  },
                  "outer_layer_provider": {
                    "type": "minecraft:simple_state_provider",
                    "state": {
                      "Name": "minecraft:air"
                    }
                  },
                  "inner_placements": [
                    {
                      "Name": "minecraft:air"
                    }
                  ]
                },
                "layers": {
                  "filling": 1.7,
                  "inner_layer": 2.2,
                  "middle_layer": 3.2,
                  "outer_layer": 4.2
                },
                "crack": {
                  "generate_crack_chance": 0.95,
                  "base_crack_size": 2,
                  "crack_point_offset": 2
                },
                "noise_multiplier": 0.05,
                "invalid_blocks_threshold": 1,
                "use_potential_placements_chance": 0.35,
                "use_alternate_layer0_chance": 0.083,
                "placements_require_layer0_alternate": true,
                "min_outer_wall_distance": 2,
                "max_outer_wall_distance": 5,
                "min_distribution_points": 1,
                "max_distribution_points": 3,
                "min_point_offset": 1,
                "max_point_offset": 3,
                "min_gen_offset": -16,
                "max_gen_offset": 16
              }
            }
          }
        }
      }
    }
  }
}