{
  "config": {
    "feature": {
      "config": {
        "reach": {
				  "type": "minecraft:uniform",
				  "value": {
					"min_inclusive": 2,
                    "max_inclusive": 3
				  }
                },
        "height": {
				  "type": "minecraft:uniform",
				  "value": {
					"min_inclusive": 5,
                    "max_inclusive": 10
				  }
                }
      },
      "type": "minecraft:basalt_columns"
    },
    "decorator": {
      "config": {
        "count": 12
      },
      "type": "minecraft:count_multilayer"
    }
  },
  "type": "minecraft:decorated"
}