{
  "config": {
    "feature": {
      "config": {
        "can_replace": true,
        "project": false,
        "need_water": false,
        "xspread": 1,
        "yspread": 3,
        "zspread": 1,
        "whitelist": [
		  {
            "Name": "minecraft:deepslate",
					  "Properties": {
					    "axis": "y"
					  }
          },
		  {
            "Name": "minecraft:netherrack"
          },
		  {
            "Name": "minecraft:crimson_nylium"
          }
        ],
        "blacklist": [],
        "tries": 150,
        "state_provider": {
          "type": "minecraft:weighted_state_provider",
          "entries": [
            {
              "weight": 15,
              "data": {
                "Name": "minecraft:crimson_stem",
				"Properties": {
				  "axis": "y"
				}
              }
            },
            {
              "weight": 40,
              "data": {
                "Name": "minecraft:dark_oak_log",
				"Properties": {
				  "axis": "y"
				}
              }
            },
            {
              "weight": 15,
              "data": {
                "Name": "minecraft:stone"
              }
            },
            {
              "weight": 10,
              "data": {
                "Name": "minecraft:infested_stone"
              }
            },
            {
              "weight": 20,
              "data": {
                "Name": "minecraft:blackstone"
              }
            },
            {
              "weight": 10,
              "data": {
                "Name": "minecraft:netherrack"
              }
            }
          ]
        },
        "block_placer": {
              "size": {
                "type": "minecraft:biased_to_bottom",
                "value": {
                  "min_inclusive": 3,
                  "max_inclusive": 10
                }
              },
              "type": "minecraft:column_placer"
            }
      },
      "type": "minecraft:random_patch"
    },
    "decorator": {
      "config": {
        "outer": {
          "config": {
            "count": {
				  "type": "minecraft:uniform",
				  "value": {
					"min_inclusive": 15,
                    "max_inclusive": 20
				  }
                }
          },
          "type": "minecraft:count"
        },
        "inner": {
          "config": {
            "outer": {
              "config": {},
              "type": "minecraft:square"
            },
            "inner": {
              "config": {
				"height": {
				"type": "minecraft:uniform",
                "min_inclusive": {
                  "above_bottom": 4
                },
                "max_inclusive": {
                  "below_top": 4
                }
				}
              },
              "type": "minecraft:range"
            }
          },
          "type": "minecraft:decorated"
        }
      },
      "type": "minecraft:decorated"
    }
  },
  "type": "minecraft:decorated"
}