{
  "config": {
    "feature": {
      "config": {
        "feature": {
          "config": {
            "target": {
              "Name": "minecraft:gravel"
            },
            "state": {
              "Name": "minecraft:magma_block"
            },
            "radius": 0
          },
          "type": "minecraft:netherrack_replace_blobs"
        },
        "decorator": {
          "config": {
            "outer": {
              "config": {},
              "type": "minecraft:square"
            },
            "inner": {
              "config": {
                "heightmap": "MOTION_BLOCKING"
              },
              "type": "minecraft:heightmap"
            }
          },
          "type": "minecraft:decorated"
        }
      },
      "type": "minecraft:decorated"
    },
    "decorator": {
      "config": {
        "count": 5
      },
      "type": "minecraft:count"
    }
  },
  "type": "minecraft:decorated"
}
