{
  "type": "minecraft:random_patch",
  "config": {
    "can_replace": false,
    "project": false,
    "need_water": false,
    "xspread": 3,
    "yspread": 7,
    "zspread": 3,
    "tries": 64,
    "state_provider": {
      "type": "minecraft:simple_state_provider",
      "state": {
        "Name": "minecraft:stone"
      }
    },
    "block_placer": {
              "size": {
                "type": "minecraft:biased_to_bottom",
                "value": {
                  "min_inclusive": 3,
                  "max_inclusive": 8
                }
              },
              "type": "minecraft:column_placer"
            },
    "whitelist": [],
    "blacklist": [
      {
        "Name": "minecraft:podzol",
        "Properties": {
          "snowy": "false"
        }
      },
      {
        "Name": "minecraft:grass_block",
        "Properties": {
          "snowy": "false"
        }
      },
      {
        "Name": "minecraft:water",
        "Properties": {
          "level": "0"
        }
      },
      {
        "Name": "minecraft:stone"
      },
      {
        "Name": "minecraft:deepslate",
					  "Properties": {
					    "axis": "y"
					  }
      },
      {
        "Name": "minecraft:blackstone"
      },
      {
        "Name": "minecraft:netherrack"
      },
      {
        "Name": "minecraft:crimson_nylium"
      }
    ]
  }
}