{
  "config": {
    "feature": {
      "config": {
        "feature": {
          "config": {
            "feature": {
              "config": {
                "target": {
                  "Name": "minecraft:grass_block",
				  "Properties": {
				    "snowy": "false",
					"snowy": "true"
				  }
                },
                "state": {
                  "Name": "minecraft:magma_block"
                },
                "radius": {
				  "type": "minecraft:uniform",
				  "value": {
					"min_inclusive": 3,
                    "max_inclusive": 7
				  }
                }
              },
              "type": "minecraft:netherrack_replace_blobs"
            },
            "decorator": {
              "config": {
				"height": {
				"type": "minecraft:uniform",
                "min_inclusive": {
			      "above_bottom": 0
			    },
			    "max_inclusive": {
			      "below_top": 0
			    }
				}
              },
              "type": "minecraft:range"
            }
          },
          "type": "minecraft:decorated"
        },
        "decorator": {
          "config": {},
          "type": "minecraft:square"
        }
      },
      "type": "minecraft:decorated"
    },
    "decorator": {
      "config": {
        "count": 8
      },
      "type": "minecraft:count"
    }
  },
  "type": "minecraft:decorated"
}