{
  "type": "minecraft:decorated",
  "config": {
    "decorator": {
      "config": {
        "outer": {
          "config": {
            "count": {
			  "type": "minecraft:uniform",
			  "value": {
			    "min_inclusive": 5,
                "max_inclusive": 10
			  }
            }
          },
          "type": "minecraft:count"
        },
        "inner": {
          "config": {
            "outer": {
              "config": {},
              "type": "minecraft:square"
            },
            "inner": {
              "config": {
				"height": {
				  "type": "minecraft:uniform",
                  "min_inclusive": {
                    "above_bottom": 4
                  },
                  "max_inclusive": {
                    "below_top": 4
                  }
				}
              },
              "type": "minecraft:range"
            }
          },
          "type": "minecraft:decorated"
        }
      },
      "type": "minecraft:decorated"
    },
    "feature": {
      "type": "minecraft:random_patch",
      "config": {
        "can_replace": false,
        "project": true,
        "need_water": false,
        "xspread": 7,
        "yspread": 1,
        "zspread": 7,
        "tries": 96,
        "state_provider": {
          "type": "minecraft:weighted_state_provider",
          "entries": [
            {
              "weight": 120,
              "data": {
                "Name": "minecraft:light_gray_concrete_powder"
              }
            },
            {
              "weight": 100,
              "data": {
                "Name": "minecraft:gray_concrete_powder"
              }
            },
            {
              "weight": 60,
              "data": {
                "Name": "minecraft:white_concrete_powder"
              }
            },
            {
              "weight": 80,
              "data": {
                "Name": "minecraft:black_concrete_powder"
              }
            },
            {
              "weight": 40,
              "data": {
                "Name": "minecraft:cyan_concrete_powder"
              }
            },
            {
              "weight": 20,
              "data": {
                "Name": "minecraft:red_concrete_powder"
              }
            }
          ]
        },
        "block_placer": {
              "size": {
                "type": "minecraft:biased_to_bottom",
                "value": {
                  "min_inclusive": 2,
                  "max_inclusive": 4
                }
              },
              "type": "minecraft:column_placer"
            },
        "whitelist": [
          {
            "Name": "minecraft:white_terracotta"
          }
        ],
        "blacklist": []
      }
    }
  }
}