{
  "name": "nitdim:primordial_desert/obelisk/room_treasure",
  "fallback": "minecraft:empty",
  "elements": [
	{
      "weight": 3,
      "element": {
        "location": "nitdim:primordial_desert/obelisk/room_treasure_chest",
        "processors": "minecraft:empty",
        "projection": "rigid",
        "element_type": "minecraft:single_pool_element"
      }
    },
	{
      "weight": 1,
      "element": {
        "location": "nitdim:primordial_desert/obelisk/room_treasure_blocks",
        "processors": "minecraft:empty",
        "projection": "rigid",
        "element_type": "minecraft:single_pool_element"
      }
    },
	{
      "weight": 4,
      "element": {
        "location": "nitdim:primordial_desert/obelisk/room_treasure_captive",
        "processors": "minecraft:empty",
        "projection": "rigid",
        "element_type": "minecraft:single_pool_element"
      }
    }
  ]
}