{
  "name": "nitdim:primordial_desert/obelisk/room_small",
  "fallback": "minecraft:empty",
  "elements": [
	{
      "weight": 3,
      "element": {
        "location": "nitdim:primordial_desert/obelisk/room_small_brewery",
        "processors": "minecraft:empty",
        "projection": "rigid",
        "element_type": "minecraft:single_pool_element"
      }
    },
	{
      "weight": 2,
      "element": {
        "location": "nitdim:primordial_desert/obelisk/room_small_crystal",
        "processors": "minecraft:empty",
        "projection": "rigid",
        "element_type": "minecraft:single_pool_element"
      }
    },
	{
      "weight": 3,
      "element": {
        "location": "nitdim:primordial_desert/obelisk/room_small_garden",
        "processors": "minecraft:empty",
        "projection": "rigid",
        "element_type": "minecraft:single_pool_element"
      }
    },
	{
      "weight": 1,
      "element": {
        "location": "nitdim:primordial_desert/obelisk/room_small_shrine",
        "processors": "minecraft:empty",
        "projection": "rigid",
        "element_type": "minecraft:single_pool_element"
      }
    }
  ]
}