{
  "type": "minecraft:command",
  "pools": [
    {
      "rolls": 1,
      "entries": [
        {
          "type": "minecraft:item",
          "weight": 50,
          "name": "minecraft:stone"
        },
        {
          "type": "minecraft:item",
          "weight": 45,
          "name": "minecraft:dirt"
        },
        {
          "type": "minecraft:item",
          "weight": 25,
          "name": "minecraft:sand"
        },
        {
          "type": "minecraft:item",
          "weight": 15,
          "name": "minecraft:obsidian"
        }
      ]
    }
  ]
}