{
  "type": "minecraft:command",
  "pools": [
    {
      "rolls": 12,
      "entries": [
        {
          "type": "minecraft:group",
          "children": [
            {
              "type": "minecraft:group",
              "children": [
                {
                  "type": "minecraft:item",
                  "name": "minecraft:sand"
                },
                {
                  "type": "minecraft:item",
                  "weight": 1,
                  "name": "minecraft:porkchop"
                },
                {
                  "type": "minecraft:item",
                  "weight": 1,
                  "name": "minecraft:leather"
                },
                {
                  "type": "minecraft:item",
                  "weight": 1,
                  "name": "minecraft:cactus"
                },
                {
                  "type": "minecraft:item",
                  "weight": 1,
                  "name": "minecraft:stick"
                }
              ],
              "conditions": [
                {
                  "condition": "minecraft:location_check",
                  "predicate": {
                    "position": {
                      "y": {
                        "min": 0,
                        "max": 256
                      }
                    }
                  }
                }
              ]
            },
            {
              "type": "minecraft:item",
              "weight": 1,
              "name": "minecraft:soul_sand"
            },
            {
              "type": "minecraft:item",
              "weight": 1,
              "name": "minecraft:bone"
            },
            {
              "type": "minecraft:group",
              "children": [
                {
                  "type": "minecraft:group",
                  "children": [
                    {
                      "type": "minecraft:item",
                      "name": "minecraft:raw_gold"
                    },
                    {
                      "type": "minecraft:item",
                      "weight": 1,
                      "name": "minecraft:amethyst_shard"
                    }
                  ],
                  "conditions": [
                    {
                      "condition": "minecraft:location_check",
                      "predicate": {
                        "position": {
                          "y": {
                            "min": -128,
                            "max": -1
                          }
                        }
                      }
                    }
                  ]
                }
              ]
            }
          ],
          "conditions": [
            {
              "condition": "minecraft:location_check",
              "predicate": {
                "biome": "nitdim:primordial_desert/desert"
              }
            }
          ]
        },
        {
          "type": "minecraft:group",
          "children": [
            {
              "type": "minecraft:group",
              "children": [
                {
                  "type": "minecraft:item",
                  "name": "minecraft:sand"
                },
                {
                  "type": "minecraft:item",
                  "weight": 1,
                  "name": "minecraft:raw_gold"
                },
                {
                  "type": "minecraft:item",
                  "weight": 1,
                  "name": "minecraft:netherrack"
                },
                {
                  "type": "minecraft:item",
                  "weight": 1,
                  "name": "minecraft:cactus"
                },
                {
                  "type": "minecraft:item",
                  "weight": 1,
                  "name": "minecraft:quartz"
                }
              ],
              "conditions": [
                {
                  "condition": "minecraft:location_check",
                  "predicate": {
                    "position": {
                      "y": {
                        "min": 0,
                        "max": 256
                      }
                    }
                  }
                }
              ]
            },
            {
              "type": "minecraft:item",
              "weight": 1,
              "name": "minecraft:soul_sand"
            },
            {
              "type": "minecraft:item",
              "weight": 1,
              "name": "minecraft:raw_gold"
            },
            {
              "type": "minecraft:group",
              "children": [
                {
                  "type": "minecraft:group",
                  "children": [
                    {
                      "type": "minecraft:item",
                      "name": "minecraft:obsidian"
                    },
                    {
                      "type": "minecraft:item",
                      "weight": 1,
                      "name": "minecraft:redstone"
                    }
                  ],
                  "conditions": [
                    {
                      "condition": "minecraft:location_check",
                      "predicate": {
                        "position": {
                          "y": {
                            "min": -128,
                            "max": -1
                          }
                        }
                      }
                    }
                  ]
                }
              ]
            }
          ],
          "conditions": [
            {
              "condition": "minecraft:location_check",
              "predicate": {
                "biome": "nitdim:primordial_desert/dunes"
              }
            }
          ]
        },
        {
          "type": "minecraft:group",
          "children": [
            {
              "type": "minecraft:item",
              "weight": 2,
              "name": "minecraft:blaze_rod"
            },
            {
              "type": "minecraft:item",
              "weight": 3,
              "name": "minecraft:lava_bucket"
            },
            {
              "type": "minecraft:item",
              "weight": 5,
              "name": "minecraft:magma_block"
            },
            {
              "type": "minecraft:item",
              "weight": 5,
              "name": "minecraft:basalt"
            },
            {
              "type": "minecraft:item",
              "weight": 5,
              "name": "minecraft:blackstone"
            },
            {
              "type": "minecraft:item",
              "weight": 5,
              "name": "minecraft:calcite"
            },
            {
              "type": "minecraft:item",
              "weight": 2,
              "name": "minecraft:diamond"
            },
            {
              "type": "minecraft:group",
              "children": [
                {
                  "type": "minecraft:group",
                  "children": [
                    {
                      "type": "minecraft:item",
                      "weight": 3,
                      "name": "minecraft:emerald"
                    },
                    {
                      "type": "minecraft:item",
                      "weight": 1,
                      "name": "minecraft:ancient_debris"
                    }
                  ],
                  "conditions": [
                    {
                      "condition": "minecraft:location_check",
                      "predicate": {
                        "position": {
                          "y": {
                            "min": -128,
                            "max": -1
                          }
                        }
                      }
                    }
                  ]
                }
              ]
            }
          ],
          "conditions": [
            {
              "condition": "minecraft:location_check",
              "predicate": {
                "biome": "nitdim:primordial_desert/volcano"
              }
            }
          ]
        },
        {
          "type": "minecraft:group",
          "children": [
            {
              "type": "minecraft:group",
              "children": [
                {
                  "type": "minecraft:item",
                  "name": "minecraft:porkchop"
                },
                {
                  "type": "minecraft:item",
                  "weight": 1,
                  "name": "minecraft:mutton"
                },
                {
                  "type": "minecraft:item",
                  "weight": 1,
                  "name": "minecraft:beef"
                },
                {
                  "type": "minecraft:item",
                  "weight": 1,
                  "name": "minecraft:chicken"
                },
                {
                  "type": "minecraft:item",
                  "weight": 1,
                  "name": "minecraft:jungle_log"
                },
                {
                  "type": "minecraft:item",
                  "weight": 1,
                  "name": "minecraft:jungle_sapling"
                }
              ],
              "conditions": [
                {
                  "condition": "minecraft:location_check",
                  "predicate": {
                    "position": {
                      "y": {
                        "min": 0,
                        "max": 256
                      }
                    }
                  }
                }
              ]
            },
            {
              "type": "minecraft:item",
              "weight": 1,
              "name": "minecraft:water_bucket"
            },
            {
              "type": "minecraft:item",
              "weight": 1,
              "name": "minecraft:emerald"
            },
            {
              "type": "minecraft:group",
              "children": [
                {
                  "type": "minecraft:group",
                  "children": [
                    {
                      "type": "minecraft:item",
                      "weight": 1,
                      "name": "minecraft:coal"
                    },
                    {
                      "type": "minecraft:item",
                      "weight": 1,
                      "name": "minecraft:glow_berries"
                    }
                  ],
                  "conditions": [
                    {
                      "condition": "minecraft:location_check",
                      "predicate": {
                        "position": {
                          "y": {
                            "min": -128,
                            "max": -1
                          }
                        }
                      }
                    }
                  ]
                }
              ]
            }
          ],
          "conditions": [
            {
              "condition": "minecraft:location_check",
              "predicate": {
                "biome": "nitdim:primordial_desert/oasis"
              }
            }
          ]
        },
        {
          "type": "minecraft:group",
          "children": [
            {
              "type": "minecraft:group",
              "children": [
                {
                  "type": "minecraft:item",
                  "name": "minecraft:red_sand"
                },
                {
                  "type": "minecraft:item",
                  "weight": 1,
                  "name": "minecraft:porkchop"
                },
                {
                  "type": "minecraft:item",
                  "weight": 1,
                  "name": "minecraft:leather"
                },
                {
                  "type": "minecraft:item",
                  "weight": 1,
                  "name": "minecraft:crimson_stem"
                },
                {
                  "type": "minecraft:item",
                  "weight": 1,
                  "name": "minecraft:crimson_fungus"
                }
              ],
              "conditions": [
                {
                  "condition": "minecraft:location_check",
                  "predicate": {
                    "position": {
                      "y": {
                        "min": 0,
                        "max": 256
                      }
                    }
                  }
                }
              ]
            },
            {
              "type": "minecraft:item",
              "weight": 1,
              "name": "minecraft:red_terracotta"
            },
            {
              "type": "minecraft:item",
              "weight": 1,
              "name": "minecraft:nether_gold_ore"
            },
            {
              "type": "minecraft:group",
              "children": [
                {
                  "type": "minecraft:group",
                  "children": [
                    {
                      "type": "minecraft:item",
                      "name": "minecraft:crying_obsidian"
                    },
                    {
                      "type": "minecraft:item",
                      "weight": 1,
                      "name": "minecraft:diamond_ore"
                    }
                  ],
                  "conditions": [
                    {
                      "condition": "minecraft:location_check",
                      "predicate": {
                        "position": {
                          "y": {
                            "min": -128,
                            "max": -1
                          }
                        }
                      }
                    }
                  ]
                }
              ]
            }
          ],
          "conditions": [
            {
              "condition": "minecraft:location_check",
              "predicate": {
                "biome": "nitdim:primordial_desert/canyon"
              }
            }
          ]
        }
      ]
    }
  ]
}