{
  "name": "nitdim:town/start",
  "fallback": "minecraft:empty",
  "elements": [
	{
      "weight": 15,
      "element": {
        "location": "nitdim:invasion/drill_station",
        "processors": "nitdim:town_rot",
        "projection": "rigid",
        "element_type": "minecraft:single_pool_element"
      }
    },
	{
      "weight": 85,
      "element": {
        "location": "nitdim:portals/standard",
        "processors": "minecraft:empty",
        "projection": "rigid",
        "element_type": "minecraft:single_pool_element"
      }
    }
  ]
}