{
  "name": "nitdim:between_starts",
  "fallback": "minecraft:empty",
  "elements": [
    {
      "weight": 15,
      "element": {
        "location": "nitdim:town/start_plate",
        "processors": "minecraft:empty",
        "projection": "rigid",
        "element_type": "minecraft:single_pool_element"
      }
    },
	{
      "weight": 85,
      "element": {
        "location": "nitdim:portals/standard",
        "processors": "minecraft:empty",
        "projection": "rigid",
        "element_type": "minecraft:single_pool_element"
      }
    }
  ]
}