{
  "type": "minecraft:entity",
  "pools": [
    {
      "rolls": {
	    "type": "minecraft:uniform",
        "min": 1,
        "max": 2
      },
      "bonus_rolls": 1,
      "entries": [
        {
          "type": "minecraft:item",
          "weight": 1,
          "name": "minecraft:amethyst_shard",
          "functions": [
            {
              "function": "minecraft:set_count",
              "count": {
			    "type": "minecraft:uniform",
                "min": 0,
                "max": 1
              }
            },
            {
              "function": "minecraft:set_nbt",
              "tag": "{HideFlags:1,display:{Lore:['{\"text\":\"A rare artifact\"}','{\"text\":\"for research purposes.\"}'],Name:'{\"text\":\"Shiny Artifact\"}'},Enchantments:[{lvl:0,id:\"minecraft:protection\"}]}"
            }
          ]
        },
        {
          "type": "minecraft:item",
          "weight": 3,
          "name": "minecraft:brick",
          "functions": [
            {
              "function": "minecraft:set_count",
              "count": {
			    "type": "minecraft:uniform",
                "min": 0,
                "max": 2
              }
            },
            {
              "function": "minecraft:set_nbt",
              "tag": "{HideFlags:1,display:{Lore:['{\"text\":\"A common artifact\"}','{\"text\":\"for research purposes.\"}'],Name:'{\"text\":\"Blunt Artifact\"}'},Enchantments:[{lvl:0,id:\"minecraft:protection\"}]}"
            }
          ]
        }
      ]
    }
  ]
}