{
  "type": "minecraft:entity",
  "pools": [
    {
      "rolls": 1,
      "entries": [
        {
          "type": "minecraft:item",
          "weight": 3,
          "name": "minecraft:brick",
          "functions": [
            {
              "function": "minecraft:set_count",
              "count": {
			    "type": "minecraft:uniform",
                "min": 0,
                "max": 1
              }
            },
            {
              "function": "minecraft:set_nbt",
              "tag": "{HideFlags:1,display:{Lore:['{\"text\":\"A common artifact\"}','{\"text\":\"for research purposes.\"}'],Name:'{\"text\":\"Blunt Artifact\"}'},Enchantments:[{lvl:0,id:\"minecraft:protection\"}]}"
            }
          ]
        }
      ]
    },
    {
      "rolls": 1,
      "entries": [
        {
          "type": "minecraft:item",
          "functions": [
            {
              "function": "minecraft:set_count",
              "count": {
	            "type": "minecraft:uniform",
                "min": 0.0,
                "max": 12.0,
                "type": "minecraft:uniform"
              }
            },
            {
              "function": "minecraft:looting_enchant",
              "count": {
	            "type": "minecraft:uniform",
                "min": 0.0,
                "max": 8.0
              }
            }
          ],
          "name": "minecraft:deepslate"
        }
      ]
    },
    {
      "rolls": 1,
      "entries": [
        {
          "type": "minecraft:item",
          "functions": [
            {
              "function": "minecraft:set_count",
              "count": {
	            "type": "minecraft:uniform",
                "min": 0.0,
                "max": 6.0,
                "type": "minecraft:uniform"
              }
            },
            {
              "function": "minecraft:looting_enchant",
              "count": {
	            "type": "minecraft:uniform",
                "min": 0.0,
                "max": 3.0
              }
            }
          ],
          "name": "minecraft:copper_ingot"
        }
      ]
    }
  ]
}