{
  "type": "minecraft:entity",
  "pools": [
    {
      "rolls": 1,
      "entries": [
        {
          "type": "minecraft:item",
          "weight": 1,
          "name": "minecraft:amethyst_shard",
          "functions": [
            {
              "function": "minecraft:set_count",
              "count": {
			    "type": "minecraft:uniform",
                "min": 0,
                "max": 1
              }
            },
            {
              "function": "minecraft:set_nbt",
              "tag": "{HideFlags:1,display:{Lore:['{\"text\":\"A rare artifact\"}','{\"text\":\"for research purposes.\"}'],Name:'{\"text\":\"Shiny Artifact\"}'},Enchantments:[{lvl:0,id:\"minecraft:protection\"}]}"
            }
          ]
        }
      ]
    },
    {
      "rolls": 1,
      "entries": [
        {
          "type": "minecraft:item",
		  "weight": 10,
          "functions": [
            {
              "function": "minecraft:set_count",
              "count": {
	            "type": "minecraft:uniform",
                "min": 0.0,
                "max": 12.0,
                "type": "minecraft:uniform"
              }
            },
            {
              "function": "minecraft:looting_enchant",
              "count": {
	            "type": "minecraft:uniform",
                "min": 0.0,
                "max": 8.0
              }
            }
          ],
          "name": "minecraft:deepslate"
        }
      ]
    },
    {
      "rolls": 1,
      "entries": [
        {
          "type": "minecraft:item",
		  "weight": 10,
          "functions": [
            {
              "function": "minecraft:set_count",
              "count": {
	            "type": "minecraft:uniform",
                "min": 0.0,
                "max": 8.0,
                "type": "minecraft:uniform"
              }
            },
            {
              "function": "minecraft:looting_enchant",
              "count": {
	            "type": "minecraft:uniform",
                "min": 0.0,
                "max": 4.0
              }
            }
          ],
          "name": "minecraft:copper_ingot"
        }
      ]
    }
  ]
}