{
  "type": "minecraft:chest",
  "pools": [
    {
      "rolls": {
	    "type": "minecraft:uniform",
        "min": 15.0,
        "max": 20.0,
        "type": "minecraft:uniform"
      },
      "entries": [
        {
          "type": "minecraft:item",
          "weight": 1,
          "name": "minecraft:ancient_debris"
        },
        {
          "type": "minecraft:item",
          "weight": 2,
          "name": "minecraft:ender_eye"
        },
        {
          "type": "minecraft:item",
          "weight": 15,
          "name": "minecraft:blackstone"
        },
        {
          "type": "minecraft:item",
          "weight": 10,
          "name": "minecraft:soul_soil"
        },
        {
          "type": "minecraft:item",
          "weight": 7,
          "name": "minecraft:weeping_vines"
        },
		{
          "type": "minecraft:item",
          "weight": 7,
          "name": "minecraft:twisting_vines"
        },
		{
          "type": "minecraft:item",
          "weight": 1,
          "name": "minecraft:golden_apple"
        },
		{
          "type": "minecraft:item",
          "weight": 3,
          "name": "minecraft:gold_ingot"
        },
		{
          "type": "minecraft:item",
          "weight": 9,
          "name": "minecraft:nether_brick"
        },
		{
          "type": "minecraft:item",
          "weight": 9,
          "name": "minecraft:tnt"
        }
      ]
    }
  ]
}