{
  "name": "nitdim:town/stage2",
  "fallback": "minecraft:empty",
  "elements": [
    {
      "weight": 16,
      "element": {
        "location": "nitdim:town/empty",
        "processors": "nitdim:town_rot",
        "projection": "rigid",
        "element_type": "minecraft:single_pool_element"
      }
    },
	{
      "weight": 2,
      "element": {
        "location": "nitdim:town/silo",
        "processors": "nitdim:town_rot",
        "projection": "rigid",
        "element_type": "minecraft:single_pool_element"
      }
    },
	{
      "weight": 3,
      "element": {
        "location": "nitdim:town/wizardtower",
        "processors": "nitdim:town_rot",
        "projection": "rigid",
        "element_type": "minecraft:single_pool_element"
      }
    },
	{
      "weight": 5,
      "element": {
        "location": "nitdim:town/guardtower",
        "processors": "nitdim:town_rot",
        "projection": "rigid",
        "element_type": "minecraft:single_pool_element"
      }
    }
  ]
}