{
  "name": "nitdim:town/stage1",
  "fallback": "minecraft:empty",
  "elements": [
    {
      "weight": 15,
      "element": {
        "location": "nitdim:town/empty",
        "processors": "nitdim:town_rot",
        "projection": "rigid",
        "element_type": "minecraft:single_pool_element"
      }
    },
	{
      "weight": 3,
      "element": {
        "location": "nitdim:town/lumbermill",
        "processors": "nitdim:town_rot",
        "projection": "rigid",
        "element_type": "minecraft:single_pool_element"
      }
    },
	{
      "weight": 4,
      "element": {
        "location": "nitdim:town/baker",
        "processors": "nitdim:town_rot",
        "projection": "rigid",
        "element_type": "minecraft:single_pool_element"
      }
    },
	{
      "weight": 10,
      "element": {
        "location": "nitdim:town/farmplot",
        "processors": "nitdim:town_rot",
        "projection": "rigid",
        "element_type": "minecraft:single_pool_element"
      }
    }
  ]
}