{
  "name": "nitdim:primordial_desert/piglin_town/fallback",
  "fallback": "minecraft:empty",
  "elements": [
	{
      "weight": 3,
      "element": {
        "location": "nitdim:primordial_desert/piglin_town/fallback_vein",
        "processors": "minecraft:empty",
        "projection": "rigid",
        "element_type": "minecraft:single_pool_element"
      }
    },
	{
      "weight": 1,
      "element": {
        "location": "nitdim:primordial_desert/piglin_town/building_none",
        "processors": "minecraft:empty",
        "projection": "rigid",
        "element_type": "minecraft:single_pool_element"
      }
    }
  ]
}