{
  "parent": "nitsea:recipes/root",
  "display": {
    "icon": {
      "item": "minecraft:crafting_table"
    },
    "title": "Carpenter Ship Crafting",
    "description": "Open a Site Planner with a Carpenter Ship recipe.",
    "frame": "task",
    "show_toast": false,
    "announce_to_chat": false,
    "hidden": true
  },
  "rewards": {
    "function": "nitsea:siteplanner/init_carpenter"
  },
  "criteria": {
    "open-dropper": {
      "trigger": "minecraft:item_used_on_block",
      "conditions": {
        "location": {
          "block": {
            "block": "dropper",
			"nbt":"{Items:[{Slot:0b,id:\"minecraft:brown_wool\",Count:16b},{Slot:1b,id:\"minecraft:scaffolding\",Count:12b},{Slot:2b,id:\"minecraft:gray_wool\",Count:8b},{Slot:3b,id:\"minecraft:crafting_table\",Count:1b},{Slot:4b,id:\"minecraft:apple\",Count:8b},{Slot:5b,id:\"minecraft:crafting_table\",Count:1b},{Slot:6b,id:\"minecraft:oak_log\",Count:16b},{Slot:7b,id:\"minecraft:oak_boat\",Count:1b,tag:{HideFlags:1,display:{Lore:['{\"text\":\"A masterfully crafted\"}','{\"text\":\"seafaring vessel.\"}'],Name:'{\"text\":\"Prepared Ship Hull\"}'},Enchantments:[{lvl:0,id:\"minecraft:protection\"}]}},{Slot:8b,id:\"minecraft:oak_log\",Count:16b}]}"
          }
        }
      }
    }
  }
}