{
  "parent": "nitsea:recipes/root",
  "display": {
    "icon": {
      "item": "minecraft:crafting_table"
    },
    "title": "Mushroom Ship Crafting",
    "description": "Open a Site Planner with a Mushroom Ship recipe.",
    "frame": "task",
    "show_toast": false,
    "announce_to_chat": false,
    "hidden": true
  },
  "rewards": {
    "function": "nitsea:siteplanner/init_mushroom"
  },
  "criteria": {
    "open-dropper": {
      "trigger": "minecraft:item_used_on_block",
      "conditions": {
        "location": {
          "block": {
            "block": "dropper",
			"nbt":"{Items:[{Slot:0b,id:\"minecraft:red_wool\",Count:16b},{Slot:1b,id:\"minecraft:bowl\",Count:5b},{Slot:2b,id:\"minecraft:brown_wool\",Count:16b},{Slot:3b,id:\"minecraft:red_mushroom\",Count:10b},{Slot:4b,id:\"minecraft:apple\",Count:10b},{Slot:5b,id:\"minecraft:brown_mushroom\",Count:10b},{Slot:6b,id:\"minecraft:mycelium\",Count:8b},{Slot:7b,id:\"minecraft:oak_boat\",Count:1b,tag:{HideFlags:1,display:{Lore:['{\"text\":\"A masterfully crafted\"}','{\"text\":\"seafaring vessel.\"}'],Name:'{\"text\":\"Prepared Ship Hull\"}'},Enchantments:[{lvl:0,id:\"minecraft:protection\"}]}},{Slot:8b,id:\"minecraft:mycelium\",Count:8b}]}"
          }
        }
      }
    }
  }
}