{
  "parent": "nitco:recipes/root",
  "display": {
    "icon": {
      "item": "minecraft:crafting_table"
    },
    "title": "Forbidden Steeple Crafting",
    "description": "Open a War Planner with a Forbidden Steeple recipe.",
    "frame": "task",
    "show_toast": false,
    "announce_to_chat": false,
    "hidden": true
  },
  "rewards": {
    "function": "nitco:siteplanner/init_healwater"
  },
  "criteria": {
    "open-dropper": {
      "trigger": "minecraft:item_used_on_block",
      "conditions": {
        "location": {
          "block": {
            "block": "dropper",
			"nbt":"{Items:[{Slot:0b,id:\"minecraft:music_disc_wait\",Count:1b,tag:{HideFlags:1b,display:{Lore:['{\"text\":\"A mysterious artifact\"}','{\"text\":\"banished to the depths.\"}'],Name:'{\"text\":\"Condemned Salve\"}'},Enchantments:[{lvl:0,id:\"minecraft:protection\"}]}},{Slot:1b,id:\"minecraft:water_bucket\",Count:1b},{Slot:2b,id:\"minecraft:totem_of_undying\",Count:1b},{Slot:3b,id:\"minecraft:quartz_block\",Count:32b},{Slot:4b,id:\"minecraft:gold_ingot\",Count:10b},{Slot:5b,id:\"minecraft:quartz_block\",Count:32b},{Slot:6b,id:\"minecraft:nether_brick\",Count:8b},{Slot:7b,id:\"minecraft:nether_brick\",Count:16b},{Slot:8b,id:\"minecraft:nether_brick\",Count:8b}]}"
          }
        }
      }
    }
  }
}