{
  "parent": "nitco:recipes/root",
  "display": {
    "icon": {
      "item": "minecraft:crafting_table"
    },
    "title": "Wart Pit Crafting",
    "description": "Open a War Planner with a Wart Pit recipe.",
    "frame": "task",
    "show_toast": false,
    "announce_to_chat": false,
    "hidden": true
  },
  "rewards": {
    "function": "nitco:siteplanner/init_wartpit"
  },
  "criteria": {
    "open-dropper": {
      "trigger": "minecraft:item_used_on_block",
      "conditions": {
        "location": {
          "block": {
            "block": "dropper",
			"nbt":"{Items:[{Slot:0b,id:\"minecraft:nether_wart_block\",Count:8b},{Slot:1b,id:\"minecraft:red_nether_bricks\",Count:16b},{Slot:2b,id:\"minecraft:warped_wart_block\",Count:8b},{Slot:3b,id:\"minecraft:nether_wart\",Count:12b},{Slot:4b,id:\"minecraft:gold_ingot\",Count:6b},{Slot:5b,id:\"minecraft:soul_sand\",Count:12b},{Slot:6b,id:\"minecraft:nether_brick\",Count:8b},{Slot:7b,id:\"minecraft:nether_brick\",Count:16b},{Slot:8b,id:\"minecraft:nether_brick\",Count:8b}]}"
          }
        }
      }
    }
  }
}