{
  "parent": "namespace:recipes/root",
  "display": {
    "icon": {
      "item": "minecraft:crafting_table"
    },
    "title": "structurename Crafting",
    "description": "Q = Building Permit\n1 = <item>\n2 = <item>\n3 = <item>\n4 = <item>\n5 = <item>\n<item>x<quantity>  | <item>x<quantity> | <item>x<quantity>\n<item>x<quantity> |  Q  | <item>x<quantity>\n<item>x<quantity>  | <item>x<quantity> | <item>x<quantity>",
    "frame": "task",
    "show_toast": false,
    "announce_to_chat": false,
    "hidden": false
  },
  "rewards": {
    "function": "namespace:siteplanner/init_structurename"
  },
  "criteria": {
    "open-dropper": {
      "trigger": "minecraft:item_used_on_block",
      "conditions": {
        "location": {
          "block": {
            "block": "dropper",
			"nbt":"{Items:[{Slot:0b,id:\"minecraft:<item>\",Count:<quantity>b},{Slot:1b,id:\"minecraft:<item>\",Count:<quantity>b},{Slot:2b,id:\"minecraft:<item>\",Count:<quantity>b},{Slot:3b,id:\"minecraft:<item>\",Count:<quantity>b},{Slot:4b,id:\"minecraft:paper\",Count:1b,tag:{HideFlags:1,display:{Lore:['{\"text\":\"The final ingredient\"}','{\"text\":\"in new town structures.\"}'],Name:'{\"text\":\"Building Permit\"}'},Enchantments:[{lvl:0,id:\"minecraft:protection\"}]}},{Slot:5b,id:\"minecraft:<item>\",Count:<quantity>b},{Slot:6b,id:\"minecraft:<item>\",Count:<quantity>b},{Slot:7b,id:\"minecraft:<item>\",Count:<quantity>b},{Slot:8b,id:\"minecraft:<item>\",Count:<quantity>b}]}"
          }
        }
      }
    }
  }
}