{
  "parent": "namespace:recipes/root",
  "display": {
    "icon": {
      "item": "minecraft:crafting_table"
    },
    "title": "structurename Crafting",
    "description": "Q = Tyrant Locus\nE = End Stone\nP = Poppd Chors Fruit\nN = Nethr Brck Item\nO = Obsidian\nR = End Rod\n4 = <item>\n1 = <item>\n2 = <item>\n<item>x<quantity>  | <item>x<quantity> | <item>x<quantity>\nOx<quantity> |  Q  | Rx<quantity>\nEx<quantity>  | Nx<quantity> | Ex<quantity>",
    "frame": "task",
    "show_toast": false,
    "announce_to_chat": false,
    "hidden": true
  },
  "rewards": {
    "function": "namespace:siteplanner/init_structurename"
  },
  "criteria": {
    "open-dropper": {
      "trigger": "minecraft:item_used_on_block",
      "conditions": {
        "location": {
		  "position": {
            "y": {
              "min": 0,
              "max": 241
            }
          },
          "block": {
            "block": "dropper",
			"nbt":"{Items:[{Slot:0b,id:\"minecraft:<item>\",Count:<quantity>b},{Slot:1b,id:\"minecraft:<item>\",Count:<quantity>b},{Slot:2b,id:\"minecraft:<item>\",Count:<quantity>b},{Slot:3b,id:\"minecraft:obsidian\",Count:<quantity>b},{Slot:4b,id:\"minecraft:ender_eye\",Count:1b,tag:{HideFlags:1,display:{Lore:['{\"text\":\"The final ingredient in\"}','{\"text\":\"Ender refugee structures.\"}'],Name:'{\"text\":\"Tyrant Locus\"}'},Enchantments:[{lvl:0,id:\"minecraft:protection\"}]}},{Slot:5b,id:\"minecraft:end_rod\",Count:<quantity>b},{Slot:6b,id:\"minecraft:end_stone\",Count:<quantity>b},{Slot:7b,id:\"minecraft:nether_brick\",Count:<quantity>b},{Slot:8b,id:\"minecraft:end_stone\",Count:<quantity>b}]}"
          }
        }
      }
    }
  }
}