{
  "parent": "nitsea:nitsea/root",
  "display": {
    "icon": {
      "item": "minecraft:iron_axe"
    },
    "title": "Pirates!",
    "description": "Encounter the pirate Illagers of the Buried Ocean.",
    "frame": "task",
	"background": "minecraft:textures/block/blackstone.png",
    "show_toast": true,
    "announce_to_chat": true,
    "hidden": false
  },
  "rewards": {
    "experience": 100
  },
  "criteria": {
    "explore": {
      "trigger": "minecraft:impossible"
    }
  }
}