{
  "parent": "nitsea:nitsea/ach2.1",
  "display": {
    "icon": {
      "item": "minecraft:dark_oak_log"
    },
    "title": "The Galleon",
    "description": "Discover the huge warship, the Illager Galleon.",
    "frame": "task",
	"background": "minecraft:textures/block/blackstone.png",
    "show_toast": true,
    "announce_to_chat": true,
    "hidden": false
  },
  "rewards": {
    "experience": 100
  },
  "criteria": {
    "explore": {
      "trigger": "minecraft:impossible"
    }
  }
}