{
  "parent": "nitsea:nitsea/ach3.1",
  "display": {
    "icon": {
      "item": "minecraft:oxidized_copper"
    },
    "title": "A Dark Laboratory",
    "description": "Discover the Illagers' lab, where undead experiments take place.",
    "frame": "goal",
	"background": "minecraft:textures/block/blackstone.png",
    "show_toast": true,
    "announce_to_chat": true,
    "hidden": false
  },
  "rewards": {
    "experience": 100
  },
  "criteria": {
    "explore": {
      "trigger": "minecraft:impossible"
    }
  }
}