{
  "parent": "nitsea:nitsea/ach4.1",
  "display": {
    "icon": {
      "item": "minecraft:rotten_flesh"
    },
    "title": "The Secret to Unlife",
    "description": "Defeat Raiden the Necromancer at the Illager Lab.",
    "frame": "challenge",
	"background": "minecraft:textures/block/blackstone.png",
    "show_toast": true,
    "announce_to_chat": true,
    "hidden": true
  },
  "rewards": {
    "experience": 1000
  },
  "criteria": {
    "explore": {
      "trigger": "minecraft:impossible"
    }
  }
}