{
  "parent": "nitref:recipes/root",
  "display": {
    "icon": {
      "item": "minecraft:crafting_table"
    },
    "title": "Gravity Tanks Crafting",
    "description": "Open a Site Planner with a Gravity Tanks recipe.",
    "frame": "task",
    "show_toast": false,
    "announce_to_chat": false,
    "hidden": true
  },
  "rewards": {
    "function": "nitref:siteplanner/init_slowfall"
  },
  "criteria": {
    "open-dropper": {
      "trigger": "minecraft:item_used_on_block",
      "conditions": {
        "location": {
		  "position": {
            "y": {
              "min": 0,
              "max": 241
            }
          },
          "block": {
            "block": "dropper",
			"nbt":"{Items:[{Slot:0b,id:\"minecraft:tropical_fish_bucket\",Count:1b},{Slot:1b,id:\"minecraft:purple_stained_glass\",Count:32b},{Slot:2b,id:\"minecraft:tropical_fish_bucket\",Count:1b},{Slot:3b,id:\"minecraft:popped_chorus_fruit\",Count:16b},{Slot:4b,id:\"minecraft:ender_eye\",Count:1b,tag:{HideFlags:1,display:{Lore:['{\"text\":\"The final ingredient in\"}','{\"text\":\"Ender refugee structures.\"}'],Name:'{\"text\":\"Tyrant Locus\"}'},Enchantments:[{lvl:0,id:\"minecraft:protection\"}]}},{Slot:5b,id:\"minecraft:soul_torch\",Count:4b},{Slot:6b,id:\"minecraft:obsidian\",Count:32b},{Slot:7b,id:\"minecraft:white_stained_glass\",Count:32b},{Slot:8b,id:\"minecraft:end_stone\",Count:48b}]}"
          }
        }
      }
    }
  }
}