{
  "parent": "nitref:recipes/root",
  "display": {
    "icon": {
      "item": "minecraft:crafting_table"
    },
    "title": "Completed Portal Crafting",
    "description": "Open a Portal Reactor with a Completed Portal recipe.",
    "frame": "task",
    "show_toast": false,
    "announce_to_chat": false,
    "hidden": true
  },
  "rewards": {
    "function": "nitref:siteplanner/init_finish_portal"
  },
  "criteria": {
    "open-dropper": {
      "trigger": "minecraft:item_used_on_block",
      "conditions": {
        "location": {
          "block": {
            "block": "dropper",
			"nbt":"{Items:[{Slot:0b,id:\"minecraft:ender_eye\",Count:1b},{Slot:1b,id:\"minecraft:ender_eye\",Count:1b},{Slot:2b,id:\"minecraft:ender_eye\",Count:1b},{Slot:3b,id:\"minecraft:ender_eye\",Count:1b},{Slot:4b,id:\"minecraft:gold_ingot\",Count:64b},{Slot:5b,id:\"minecraft:ender_eye\",Count:1b},{Slot:6b,id:\"minecraft:ender_eye\",Count:1b},{Slot:7b,id:\"minecraft:nether_star\",Count:1b},{Slot:8b,id:\"minecraft:ender_eye\",Count:1b}]}"
          }
        }
      }
    }
  }
}