{
  "surface_builder": "nitdim:battlefield",
  "depth": 0.125,
  "scale": 0.05,
  "temperature": 1,
  "downfall": 0,
  "precipitation": "none",
  "temperature_modifier": "none",
  "category": "plains",
  "player_spawn_friendly": false,
  "creature_spawn_probability": 0.2,
  "effects": {
    "sky_color": 6665124,
    "fog_color": 8474961,
    "water_color": 2373677,
    "water_fog_color": 1646361,
    "grass_color": 6247436,
    "foliage_color": 7229714,
    "grass_color_modifier": "none",
	"particle": {
      "options": {
        "type": "minecraft:ash"
      },
      "probability": 0.8
    }
  },
  "starts": [
    "minecraft:ruined_portal",
	"nitdim:in_between/battlefield_starts"
  ],
  "spawners": {
    "creature": [
	  {
        "type": "minecraft:mooshroom",
        "weight": 30,
        "minCount": 0,
        "maxCount": 4
      }
    ]
  },
  "spawn_costs": {
	"minecraft:mooshroom": {
		"energy_budget": 0.2,
		"charge": 1.0
	}
  },
  "carvers": {},
  "features": [
    [
	  "nitdim:in_between/delta_water"
	],
	[],
	[
	  "nitdim:in_between/delta_mycelium"
	],
	[],
	[],
	[],
	[],
	[],
	[
	  "nitdim:in_between/graveyard"
	],
    []
  ]
}