{
  "surface_builder": "nitdim:beach",
  "depth": 0.125,
  "scale": 0.05,
  "temperature": 1,
  "downfall": 0,
  "precipitation": "none",
  "category": "beach",
  "player_spawn_friendly": true,
  "creature_spawn_probability": 0.2,
  "effects": {
    "sky_color": 8905458,
    "fog_color": 11780827,
    "water_color": 9040100,
    "water_fog_color": 329011,
    "grass_color": 7331029,
    "foliage_color": 5097407,
    "grass_color_modifier": "none",
	"particle": {
      "options": {
        "type": "minecraft:end_rod"
      },
      "probability": 0.01
    }
  },
  "starts": [
    "minecraft:ruined_portal",
	"nitdim:in_between/between_starts"
  ],
  "spawners": {
    "creature": [
      {
        "type": "minecraft:sheep",
        "weight": 10,
        "minCount": 1,
        "maxCount": 3
      },
	  {
        "type": "minecraft:turtle",
        "weight": 5,
        "minCount": 2,
        "maxCount": 5
      }
    ]
  },
  "spawn_costs": {},
  "carvers": {},
  "features": [
    [
	  "nitdim:in_between/delta_water"
	],
	[],
	[
	  "nitdim:delta_grass",
	  "minecraft:forest_rock"
	],
	[],
	[],
	[],
	[],
	[],
	[
	  "minecraft:spring_water"
	],
    []
  ]
}