{
  "surface_builder": "nitdim:between_glacier",
  "depth": 0.125,
  "scale": 0.05,
  "temperature": 1,
  "downfall": 0,
  "precipitation": "none",
  "temperature_modifier": "none",
  "category": "plains",
  "player_spawn_friendly": false,
  "creature_spawn_probability": 0.4,
  "effects": {
    "sky_color": 8905458,
    "fog_color": 11780827,
    "water_color": 9040100,
    "water_fog_color": 329011,
    "grass_color": 6865390,
    "foliage_color": 4505587,
    "grass_color_modifier": "none",
	"particle": {
      "options": {
        "type": "minecraft:end_rod"
      },
      "probability": 0.025
    }
  },
  "starts": [
    "minecraft:ruined_portal",
	"nitdim:in_between/between_starts"
  ],
  "spawners": {
    "creature": [
      {
        "type": "minecraft:polar_bear",
        "weight": 10,
        "minCount": 0,
        "maxCount": 1
      }
    ]
  },
  "spawn_costs": {},
  "carvers": {},
  "features": [
    [],
	[
	  "minecraft:small_basalt_columns"
	],
	[
	  "nitdim:in_between/replacer_basalt"
	],
	[
	  "nitdim:in_between/sparkles",
	  "nitdim:in_between/ore_grass_in_ice"
	],
	[],
	[],
	[],
	[],
	[],
    [
	  "minecraft:forest_rock"
	]
  ]
}