{
  "config": {
    "feature": {
      "config": {
        "contents": {
          "Properties":
          {
            "snowy":"false"
          },
          "Name": "minecraft:crimson_nylium"
        },
        "rim": {
          "Name": "minecraft:netherrack"
        },
        "size": {
				  "type": "minecraft:uniform",
				  "value": {
					"min_inclusive": 5,
                    "max_inclusive": 12
				  }
                },
        "rim_size": {
				  "type": "minecraft:uniform",
				  "value": {
					"min_inclusive": 1,
                    "max_inclusive": 4
				  }
                }
      },
      "type": "minecraft:delta_feature",
      "name": "nitdim:nylium_delta_red"
    },
    "decorator": {
      "config": {
        "count": 5
      },
      "type": "minecraft:count_multilayer"
    }
  },
  "type": "minecraft:decorated"
}