{
  "config": {
    "feature": {
      "config": {
        "feature": {
          "config": {
            "targets": [
			  {
				"target": {
				  "tag": "minecraft:base_stone_overworld",
				  "predicate_type": "minecraft:tag_match"
				},
				"state": {
				  "Name": "minecraft:ancient_debris"
				}
			  }
			],
            "size": 3,
            "discard_chance_on_air_exposure": 1.0
          },
          "type": "minecraft:scattered_ore"
        },
        "decorator": {
          "config": {
            "height": {
              "min_inclusive": {
                "absolute": 8
              },
              "max_inclusive": {
                "absolute": 24
              },
              "type": "minecraft:trapezoid"
            }
          },
          "type": "minecraft:range"
        }
      },
      "type": "minecraft:decorated"
    },
    "decorator": {
      "config": {},
      "type": "minecraft:square"
    }
  },
  "type": "minecraft:decorated"
}