{
  "type": "minecraft:decorated",
  "config": {
    "decorator": {
      "type": "minecraft:count",
      "config": {
        "count": 16
      }
    },
    "feature": {
      "type": "minecraft:decorated",
      "config": {
        "decorator": {
          "type": "minecraft:square",
          "config": {}
        },
        "feature": {
          "type": "minecraft:decorated",
          "config": {
            "decorator": {
              "config": {
                "height": {
                  "min_inclusive": {
                    "above_bottom": 10
                  },
                  "max_inclusive": {
                    "below_top": 20
                  },
                  "inner": 8,
                  "type": "minecraft:biased_to_bottom"
                }
              },
              "type": "minecraft:range"
            },
            "feature": {
              "type": "minecraft:spring_feature",
              "config": {
                "state": {
                  "Name": "minecraft:water",
                  "Properties": {
                    "falling": "true"
                  }
                },
                "rock_count": 5,
                "hole_count": 0,
                "requires_block_below": false,
                "valid_blocks": [
                  "minecraft:stone",
                  "minecraft:blackstone"
                ]
              }
            }
          }
        }
      }
    }
  }
}