{
  "parent": "nitk:nitk/root",
  "display": {
    "icon": {
      "item": "minecraft:magma_block"
    },
    "title": "Town Hero",
    "description": "Protect the town from a Tyrant's Scout.",
    "frame": "task",
	"background": "minecraft:textures/block/oak_planks.png",
    "show_toast": true,
    "announce_to_chat": true,
    "hidden": false
  },
  "rewards": {
    "experience": 100
  },
  "criteria": {
    "p_k_e-wither_skeleton": {
      "trigger": "minecraft:player_killed_entity",
      "conditions": {
        "entity": {
          "type": "minecraft:wither_skeleton"
        }
      }
    }
  }
}