{
  "parent": "nitdim:nitdim/ach2.3",
  "display": {
    "icon": {
      "item": "minecraft:dark_prismarine"
    },
    "title": "The Ancient Tower",
    "description": "Discover the aquatic Tower of the rare Ancient Sea.",
    "frame": "task",
	"background": "minecraft:textures/block/oak_planks.png",
    "show_toast": true,
    "announce_to_chat": true,
    "hidden": false
  },
  "rewards": {
    "experience": 100
  },
  "criteria": {
    "open-town-chest": {
      "trigger": "minecraft:location",
      "conditions": {
        "player": [
          {
            "condition": "minecraft:entity_properties",
            "entity": "this",
            "predicate": {
              "effects": {
                "minecraft:mining_fatigue": {}
              }
            }
          }
        ],
        "location": {
          "biome": "nitdim:buried_ocean/ancient_sea",
          "feature": "bastion_remnant",
          "dimension": "nitdim:buried_ocean"
        }
      }
    }
  }
}