{
  "display": {
    "icon": {
      "item": "minecraft:written_book"
    },
    "title": "Advances in Technology",
    "description": "Collect all of the Field Reports from Obelisks in the Primordial Desert.",
    "background": "minecraft:textures/block/oak_planks.png",
    "frame": "task",
    "show_toast": true,
    "announce_to_chat": true,
    "hidden": false
  },
  "parent": "nitdim:nitdim/primordial_desert/obelisk",
  "criteria": {
    "book1": {
      "trigger": "minecraft:inventory_changed",
      "conditions": {
        "items": [
          {
            "item": "minecraft:written_book",
            "nbt": "{generation: 3, pages: ['{\"extra\":[{\"underlined\":true,\"text\":\"Day 14\"},{\"text\":\"\\\\nConstruction of the Obelisk has been completed. Its location was chosen for its proximity to several Piglin settlements, which proved doubly fruitful for their willingness to provide some building materials in exchange for gold. Most notably,\"}],\"text\":\"\"}', '{\"text\":\"we have had to rely on Soul Fire much more than anticipated, to ward away the Hoglins of the day. Naturally, we are all quite used to those horrors of the night knocking on our doors, but the thick hides and huge tusks of this Primordial Desert are otherworldly.\"}'], title: \"Obelisk Field Report #1\", author: \"Unknown\", resolved: 1b}"
          }
        ]
      }
    },
    "book2": {
      "trigger": "minecraft:inventory_changed",
      "conditions": {
        "items": [
          {
            "item": "minecraft:written_book",
            "nbt": "{generation: 3, pages: ['{\"extra\":[{\"underlined\":true,\"text\":\"Day 17\"},{\"text\":\"\\\\nUsing resources collected by the mining teams nearby coupled with those imported from the In Between and Tempest, we have established ourselves in the Obelisk. We hope to have positive results for Rexial soon.\"}],\"text\":\"\"}'], title: \"Obelisk Field Report #2\", author: \"Unknown\", resolved: 1b}"
          }
        ]
      }
    },
    "book3": {
      "trigger": "minecraft:inventory_changed",
      "conditions": {
        "items": [
          {
            "item": "minecraft:written_book",
            "nbt": "{generation: 3, pages: ['{\"extra\":[{\"underlined\":true,\"text\":\"Day 19\"},{\"text\":\"\\\\nIn the cover of night, a small group of Piglins have been transported from the nearby village for study. Their minds are simple, following gold easily, be they children or adults. Although some houses may lie empty now, these creatures set out on\"}],\"text\":\"\"}', '{\"text\":\"impromptu hunting parties quite frequently. No other Piglins should miss these few. I would be surprised if they had the language and recognition skills developed enough to notice or communicate concern.\"}'], title: \"Obelisk Field Report #3\", author: \"Unknown\", resolved: 1b}"
          }
        ]
      }
    },
    "book4": {
      "trigger": "minecraft:inventory_changed",
      "conditions": {
        "items": [
          {
            "item": "minecraft:written_book",
            "nbt": "{generation: 3, pages: ['{\"extra\":[{\"underlined\":true,\"text\":\"Day 22\"},{\"text\":\"\\\\nDespite the research brought in from those teams in the Tempest, the Piglins of this dimensions appear quite stable in their clinging to life.\\\\nWe have attempted to recreate the situations for curing of the zombie plague, first by\"}],\"text\":\"\"}', '{\"text\":\"weakening them with potions, then by offering a Golden Apple. However, they absolutely refuse to consume golden foods, instead choosing to hoard it.\\\\nWe tried then, perhaps, strengthening them, and offering ordinary apples, as these can be\"}', '{\"text\":\"found in the In Between where their transformation is gauranteed. Again, there was no change. Even proximity to our portal back from this world does not produce different results.\\\\nWe have opted to resort to more medieval forms of experimentation.\"}'], title: \"Obelisk Field Report #4\", author: \"Unknown\", resolved: 1b}"
          }
        ]
      }
    },
    "book5": {
      "trigger": "minecraft:inventory_changed",
      "conditions": {
        "items": [
          {
            "item": "minecraft:written_book",
            "nbt": "{generation: 3, pages: ['{\"extra\":[{\"underlined\":true,\"text\":\"Day 30\"},{\"text\":\"\\\\nI fear we will never be able to force the transition of a Piglin from life to undeath.\\\\nWe have tried infecting Piglins by grafting rotten flesh from the husks of the night to their own, even letting them return to their village. In time, through half-understood\"}],\"text\":\"\"}', '{\"text\":\"ritual and pattern recognition, they erected shrines similar to those haunting reminders we have of our mission. They have begun to worship the Tyrant, without even realizing what nightmare they offer their gold to! I almost pray that immortal Wither does come here.\"}', '{\"text\":\"Perhaps that withering effect of his soldiers might yield more result than we have...\"}'], title: \"Obelisk Field Report #5\", author: \"Unknown\", resolved: 1b}"
          }
        ]
      }
    },
    "book6": {
      "trigger": "minecraft:inventory_changed",
      "conditions": {
        "items": [
          {
            "item": "minecraft:written_book",
            "nbt": "{generation: 3, pages: ['{\"extra\":[{\"underlined\":true,\"text\":\"Day 31\"},{\"text\":\"\\\\nOn a whim, I took one of the Piglins to be caged outside of the Obelisk. Around the cage, I erected a short enclosure of copper, hooking it to the cage and directly to the piglin with redstone. Finally, I set a lightning rod on top.\"}],\"text\":\"\"}', '{\"text\":\"Not once in this Primordial Desert has it stormed. Lightning is an every day--every moment--occurence in the Tempest, where Piglins transform immediately. Even in the In Between, floating high in the sky of same alien dimension, Piglins shed their life for undeath despite the lack\"}', '{\"extra\":[{\"text\":\"of rain there, either. This \"},{\"italic\":true,\"text\":\"must\"},{\"text\":\" be why they cling to life so thoroughly in this dry desert with its calm skies. But, if one of our wizards could cast a sufficiently powered lightning spell, directing all of that energy into a single Piglin...\\\\nSuccess! I must inform Rexial immediately.\"}],\"text\":\"\"}'], title: \"Obelisk Field Report #6\", author: \"Unknown\", resolved: 1b}"
          }
        ]
      }
    }
  },
  "rewards": {
    "experience": 1000
  }
}