{
  "bedrock_roof_position": 0,
  "bedrock_floor_position": 0,
  "sea_level": 49,
  "min_surface_level": 0,
  "aquifers_enabled": false,
  "ore_veins_enabled": false,
  "noise_caves_enabled": false,
  "noodle_caves_enabled": true,
  "deepslate_enabled": false,
  "disable_mob_generation": false,
  "default_block": {
    "Name": "minecraft:blackstone"
  },
  "default_fluid": {
    "Name": "minecraft:water",
    "Properties": {
      "level": "0"
    }
  },
  "noise": {
    "min_y": 0,
    "height": 128,
    "density_factor": 0,
    "density_offset": -0.15,
    "size_horizontal": 1,
    "size_vertical": 2,
    "simplex_surface_noise": true,
    "random_density_offset": true,
    "island_noise_override": false,
    "amplified": false,
    "sampling": {
      "xz_scale": 1,
      "y_scale": 3,
      "xz_factor": 80,
      "y_factor": 60
    },
    "bottom_slide": {
      "target": 320,
      "size": 8,
      "offset": -1
    },
    "top_slide": {
      "target": 120,
      "size": 4,
      "offset": 3
    }
  },
  "structures": {
    "structures": {
      "minecraft:bastion_remnant": {
        "spacing": 10,
        "separation": 5,
        "salt": 96
      }
    }
  }
}