{
  "bedrock_roof_position": -1000,
  "bedrock_floor_position": -10,
  "sea_level": 0,
  "min_surface_level": 0,
  "aquifers_enabled": false,
  "ore_veins_enabled": false,
  "noise_caves_enabled": false,
  "noodle_caves_enabled": false,
  "deepslate_enabled": false,
  "disable_mob_generation": false,
  "default_block": {
    "Name": "minecraft:diorite"
  },
  "default_fluid": {
    "Name": "minecraft:water",
    "Properties": {
      "level": "0"
    }
  },
  "noise": {
    "min_y": 0,
    "density_factor": 0,
    "density_offset": 0,
    "simplex_surface_noise": true,
    "random_density_offset": false,
    "island_noise_override": false,
    "amplified": false,
    "size_horizontal": 2,
    "size_vertical": 1,
    "height": 128,
    "sampling": {
      "xz_scale": 2,
      "y_scale": 1,
      "xz_factor": 80,
      "y_factor": 160
    },
    "bottom_slide": {
      "target": -55,
      "size": 14,
      "offset": 2
    },
    "top_slide": {
      "target": -3000,
      "size": 55,
      "offset": -44
    }
  },
  "structures": {
    "structures": {
      "minecraft:ruined_portal": {
        "spacing": 20,
        "separation": 8,
        "salt": 800600
      },
	  "minecraft:village": {
        "spacing": 10,
        "separation": 8,
        "salt": 500400
      },
	  "minecraft:bastion_remnant": {
        "spacing": 10,
        "separation": 8,
        "salt": 970230
      }
    }
  }
}