{
  "bedrock_roof_position": -1000,
  "bedrock_floor_position": 0,
  "sea_level": -119,
  "min_surface_level": 45,
  "aquifers_enabled": false,
  "ore_veins_enabled": true,
  "noise_caves_enabled": true,
  "noodle_caves_enabled": true,
  "deepslate_enabled": true,
  "disable_mob_generation": false,
  "default_block": {
    "Name": "minecraft:stone"
  },
  "default_fluid": {
    "Name": "minecraft:lava",
    "Properties": {
      "level": "0"
    }
  },
  "noise": {
    "min_y": -128,
    "height": 256,
    "density_factor": 1.85,
    "density_offset": -0.75,
    "size_horizontal": 1,
    "size_vertical": 2,
    "simplex_surface_noise": true,
    "random_density_offset": true,
    "island_noise_override": false,
    "amplified": false,
    "sampling": {
      "xz_scale": 1,
      "y_scale": 1,
      "xz_factor": 80,
      "y_factor": 160
    },
    "bottom_slide": {
      "target": -30,
      "size": 0,
      "offset": 0
    },
    "top_slide": {
      "target": -10,
      "size": 3,
      "offset": 0
    }
  },
  "structures": {
    "structures": {
      "minecraft:desert_pyramid": {
        "spacing": 64,
        "separation": 32,
        "salt": 86
      },
      "minecraft:mineshaft": {
        "spacing": 8,
        "separation": 2,
        "salt": 22
      },
      "minecraft:nether_fossil": {
        "spacing": 8,
        "separation": 2,
        "salt": 69
      },
      "minecraft:village": {
        "spacing": 20,
        "separation": 8,
        "salt": 54
      },
      "minecraft:bastion_remnant": {
        "spacing": 15,
        "separation": 8,
        "salt": 96
      },
      "minecraft:pillager_outpost": {
        "spacing": 20,
        "separation": 8,
        "salt": 79
      }
    }
  }
}