{
  "bedrock_roof_position": -10,
  "bedrock_floor_position": 0,
  "sea_level": 63,
  "min_surface_level": 50,
  "aquifers_enabled": true,
  "ore_veins_enabled": false,
  "noise_caves_enabled": true,
  "noodle_caves_enabled": true,
  "deepslate_enabled": false,
  "disable_mob_generation": false,
  "default_block": {
    "Name": "minecraft:deepslate",
	"Properties": {
	  "axis": "y"
	}
  },
  "default_fluid": {
    "Name": "minecraft:water",
    "Properties": {
      "level": "0"
    }
  },
  "noise": {
    "min_y": 0,
    "height": 256,
    "density_factor": 1,
    "density_offset": -0.46875,
    "size_horizontal": 1,
    "size_vertical": 2,
    "simplex_surface_noise": true,
    "random_density_offset": true,
    "island_noise_override": false,
    "amplified": false,
    "sampling": {
      "xz_scale": 1,
      "y_scale": 1,
      "xz_factor": 80,
      "y_factor": 160
    },
    "bottom_slide": {
      "target": -30,
      "size": 0,
      "offset": 0
    },
    "top_slide": {
      "target": -10,
      "size": 3,
      "offset": 0
    }
  },
  "structures": {
    "structures": {
      "minecraft:mineshaft": {
        "spacing": 8,
        "separation": 2,
        "salt": 22
      },
      "minecraft:village": {
        "spacing": 40,
        "separation": 12,
        "salt": 54
      },
      "minecraft:bastion_remnant": {
        "spacing": 15,
        "separation": 8,
        "salt": 96
      },
      "minecraft:pillager_outpost": {
        "spacing": 12,
        "separation": 5,
        "salt": 79
      }
    }
  }
}