{
  "config": {
    "feature": {
      "config": {
        "feature": {
          "config": {
            "feature": {
              "config": {
                "target": {
          "Name": "minecraft:yellow_terracotta"
                },
                "state": {
          "Name": "minecraft:black_concrete"
                },
                "radius": {
				  "type": "minecraft:uniform",
				  "value": {
					"min_inclusive": 12,
                    "max_inclusive": 12
				  }
                }
              },
              "type": "minecraft:netherrack_replace_blobs"
            },
            "decorator": {
              "config": {
				"height": {
				"type": "minecraft:uniform",
                "min_inclusive": {
				  "above_bottom": 0
				},
				"max_inclusive": {
				  "below_top": 0
				}
				}
              },
              "type": "minecraft:range"
            }
          },
          "type": "minecraft:decorated"
        },
        "decorator": {
          "config": {},
          "type": "minecraft:square"
        }
      },
      "type": "minecraft:decorated",
      "name": "nitdim:tempest/mesa/yellow_black"
    },
    "decorator": {
      "type": "minecraft:count_extra",
      "config": {
        "count": 256,
        "extra_count": 256,
        "extra_chance": 1
      }
    }
  },
  "type": "minecraft:decorated"
}