{
  "display": {
    "icon": {
      "item": "minecraft:chiseled_stone_bricks"
    },
    "title": "A Mysterious Portal",
    "description": "Kill a Phantom in the Overworld with a spectral arrow",
    "background": "minecraft:textures/block/crying_obsidian.png",
    "frame": "goal",
    "show_toast": false,
    "announce_to_chat": false,
    "hidden": true
  },
  "criteria": {
    "perform-action": {
      "trigger": "minecraft:player_killed_entity",
      "conditions": {
        "entity": [
          {
            "condition": "minecraft:entity_properties",
            "entity": "this",
            "predicate": {
              "type": "minecraft:phantom",
              "location": {
                "dimension": "minecraft:overworld"
              }
            }
          }
        ],
        "killing_blow": {
          "is_projectile": true,
          "direct_entity": {
            "type": "minecraft:spectral_arrow"
          }
        }
      }
    }
  },
  "rewards": {
    "function": "nitdim:phantom_killed"
  }
}