{
  "parent": "nitdim:nitdim/root",
  "display": {
    "icon": {
      "item": "minecraft:blackstone"
    },
    "title": "The Buried Ocean",
    "description": "Find a portal to the Buried Ocean.",
    "frame": "task",
	"background": "minecraft:textures/block/oak_planks.png",
    "show_toast": true,
    "announce_to_chat": true,
    "hidden": false
  },
  "rewards": {
    "experience": 100
  },
  "criteria": {
    "travel-to-buried-ocean": {
      "trigger": "minecraft:changed_dimension",
      "conditions": {
        "from": "nitdim:in_between",
        "to": "nitdim:buried_ocean"
      }
    }
  }
}