{
  "parent": "nitco:nitco/ach2.2",
  "display": {
    "icon": {
      "item": "minecraft:netherite_hoe"
    },
    "title": "Paradox Box",
    "description": "Opened a Paradox Box.",
    "frame": "task",
	"background": "minecraft:textures/block/polished_blackstone_bricks.png",
    "show_toast": false,
    "announce_to_chat": false,
    "hidden": true
  },
  "rewards": {
    "function": "nitco:special/paradox_box/box_progress"
  },
  "criteria": {
    "opened-trapped-chest": {
      "trigger": "minecraft:player_generates_container_loot",
      "conditions": {
        "loot_table": "nitco:chest/paradoxbox"
      }
    }
  }
}