{
  "name": "nitdim:primordial_desert/surface_starts",
  "fallback": "minecraft:empty",
  "elements": [
	{
      "weight": 40,
      "element": {
        "location": "nitdim:primordial_desert/piglin_town/start",
        "processors": "minecraft:empty",
        "projection": "rigid",
        "element_type": "minecraft:single_pool_element"
      }
    },
	{
      "weight": 10,
      "element": {
        "location": "nitdim:primordial_desert/nazca/creeper_face",
        "processors": "minecraft:empty",
        "projection": "rigid",
        "element_type": "minecraft:single_pool_element"
      }
    },
	{
      "weight": 10,
      "element": {
        "location": "nitdim:primordial_desert/nazca/spider",
        "processors": "minecraft:empty",
        "projection": "rigid",
        "element_type": "minecraft:single_pool_element"
      }
    },
	{
      "weight": 10,
      "element": {
        "location": "nitdim:primordial_desert/nazca/hoglin",
        "processors": "minecraft:empty",
        "projection": "rigid",
        "element_type": "minecraft:single_pool_element"
      }
    },
	{
      "weight": 15,
      "element": {
        "location": "nitdim:primordial_desert/mirage",
        "processors": "minecraft:empty",
        "projection": "rigid",
        "element_type": "minecraft:single_pool_element"
      }
    },
	{
      "weight": 10,
      "element": {
        "location": "nitdim:primordial_desert/obelisk/facade",
        "processors": "minecraft:empty",
        "projection": "rigid",
        "element_type": "minecraft:single_pool_element"
      }
    },
	{
      "weight": 5,
      "element": {
        "location": "nitdim:primordial_desert/nazca/tomb_start",
        "processors": "minecraft:empty",
        "projection": "rigid",
        "element_type": "minecraft:single_pool_element"
      }
    }
  ]
}