{
  "condition": "minecraft:entity_properties",
  "entity": "this",
  "predicate": {
    "equipment": {
      "mainhand": {
        "items": [
          "minecraft:spyglass"
        ],
        "nbt": "{HideFlags: 1b, display: {Lore: ['[{\"text\":\"The holder is immune\",\"italic\":false}]', '[{\"text\":\"to all effects, negative\",\"italic\":false}]', '[{\"text\":\"and positive.\",\"italic\":false}]'], Name: '[{\"text\":\"Clearview Spyglass\",\"italic\":false}]'}, Enchantments: [{}]}"
      }
    }
  }
}